tripinfo_arrival;tripinfo_arrivalLane;tripinfo_arrivalPos;tripinfo_arrivalSpeed;tripinfo_depart;tripinfo_departDelay;tripinfo_departLane;tripinfo_departPos;tripinfo_departSpeed;tripinfo_devices;tripinfo_duration;tripinfo_id;tripinfo_rerouteNo;tripinfo_routeLength;tripinfo_timeLoss;tripinfo_vType;tripinfo_vaporized;tripinfo_waitSteps
58.00;585_2;131.11;13.47;5.00;0.00;-614_1;5.10;0.00;tripinfo_5;53.00;5;0;600.65;8.83;privateType;;0
64.00;128_1;79.74;12.75;18.00;0.00;9_1;5.10;0.00;tripinfo_18;46.00;18;0;511.19;9.06;privateType;;0
67.00;-870_1;79.90;13.02;7.00;0.00;-210_1;5.10;0.00;tripinfo_7;60.00;7;0;737.56;6.68;privateType;;0
72.00;-117_2;88.17;13.31;10.00;0.00;-650_1;5.10;0.00;tripinfo_10;62.00;10;0;736.75;7.47;privateType;;0
75.00;38_1;145.60;12.86;35.00;0.00;-326_1;5.10;0.00;tripinfo_35;40.00;35;0;410.34;8.45;privateType;;0
82.00;-17_2;188.68;12.87;26.00;0.00;116_1;5.10;0.00;tripinfo_26;56.00;26;0;473.70;21.39;privateType;;4
85.00;344_2;101.66;13.01;6.00;0.00;585_1;5.10;0.00;tripinfo_6;79.00;6;0;746.46;24.48;privateType;;9
88.00;625_2;115.42;12.85;17.00;0.00;592_1;5.10;0.00;tripinfo_17;71.00;17;0;831.63;10.24;privateType;;0
88.00;123_1;129.57;13.61;0.00;0.00;7_0;12.10;0.00;tripinfo_bus0;88.00;bus0;0;895.33;21.64;busType;;0
92.00;-679_2;110.98;13.08;11.00;0.00;15_1;5.10;0.00;tripinfo_11;81.00;11;0;958.15;11.62;privateType;;0
93.00;-17_2;188.68;13.81;13.00;0.00;121_1;5.10;0.00;tripinfo_13;80.00;13;0;946.43;9.79;privateType;;0
95.00;517_2;157.09;13.46;40.00;0.00;-1057_0;12.10;0.00;tripinfo_bus2;55.00;bus2;0;554.23;13.45;busType;;0
97.00;-1029_2;144.77;13.27;14.00;0.00;7_1;5.10;0.00;tripinfo_14;83.00;14;0;964.41;12.52;privateType;;0
97.00;-17_2;188.68;13.72;63.00;0.00;13_1;5.10;0.00;tripinfo_63;34.00;63;0;320.64;10.28;privateType;;1
98.00;-698_2;111.22;12.83;16.00;0.00;13_1;5.10;0.00;tripinfo_16;82.00;16;0;925.56;13.33;privateType;;0
99.00;-577_2;182.62;12.96;8.00;0.00;125_1;5.10;0.00;tripinfo_8;91.00;8;0;1119.14;8.96;privateType;;0
101.00;348_1;127.93;13.42;45.00;0.00;-349_1;5.10;0.00;tripinfo_45;56.00;45;0;608.18;8.91;privateType;;0
106.00;210_2;103.97;13.31;61.00;0.00;-25_1;5.10;0.00;tripinfo_61;45.00;61;0;510.97;7.95;privateType;;0
106.00;365_1;193.22;13.74;4.00;0.00;-119_1;5.10;0.00;tripinfo_4;102.00;4;0;1273.62;9.36;privateType;;0
109.00;-348_2;127.93;13.72;29.00;0.00;585_1;5.10;0.00;tripinfo_29;80.00;29;0;878.01;15.02;privateType;;0
109.00;-734_2;194.90;13.54;73.00;0.00;1033_1;5.10;0.00;tripinfo_73;36.00;73;0;394.32;6.53;privateType;;0
113.00;570_1;114.42;13.20;101.00;0.00;570_1;5.10;0.00;tripinfo_101;12.00;101;0;109.32;3.35;privateType;;0
118.00;379_0;132.76;13.74;20.00;0.00;-117_0;12.10;0.00;tripinfo_bus1;98.00;bus1;0;1136.97;15.82;busType;;0
121.00;356_2;139.43;13.72;60.00;0.00;-126_1;5.10;0.00;tripinfo_60;61.00;60;0;735.88;6.28;privateType;;0
123.00;882_2;170.95;13.24;19.00;0.00;330_1;5.10;0.00;tripinfo_19;104.00;19;0;1257.06;11.55;privateType;;0
126.00;-523_2;173.47;13.08;56.00;0.00;-686_1;5.10;0.00;tripinfo_56;70.00;56;0;827.04;9.72;privateType;;0
126.00;882_2;170.95;13.32;25.00;0.00;-319_1;5.10;0.00;tripinfo_25;101.00;25;0;1021.39;25.11;privateType;;7
126.00;585_2;131.11;12.93;52.00;0.00;-535_1;5.10;0.00;tripinfo_52;74.00;52;0;805.99;15.97;privateType;;1
128.00;-579_2;150.88;13.73;69.00;0.00;614_1;5.10;0.00;tripinfo_69;59.00;69;0;678.11;9.63;privateType;;0
134.00;-15_2;145.65;13.16;2.00;0.00;698_1;5.10;0.00;tripinfo_2;132.00;2;0;1504.97;22.20;privateType;;0
135.00;623_1;148.58;12.90;23.00;0.00;-642_1;5.10;0.00;tripinfo_23;112.00;23;0;1248.63;21.89;privateType;;5
137.00;505_2;160.73;13.87;57.00;0.00;-123_1;5.10;0.00;tripinfo_57;80.00;57;0;543.26;38.95;privateType;;19
139.00;13_1;95.18;13.87;0.00;0.00;-613_1;5.10;0.00;tripinfo_0;139.00;0;0;1605.71;20.92;privateType;;1
140.00;-326_1;98.80;13.73;38.00;0.00;-846_1;5.10;0.00;tripinfo_38;102.00;38;0;1129.11;20.10;privateType;;3
140.00;-210_1;103.97;10.24;55.00;0.00;-608_1;5.10;0.00;tripinfo_55;85.00;55;0;939.16;17.16;privateType;;1
144.00;639_1;164.14;13.30;36.00;0.00;332_1;5.10;0.00;tripinfo_36;108.00;36;0;1163.96;23.37;privateType;;0
144.00;-505_2;160.73;12.68;46.00;0.00;-379_1;5.10;0.00;tripinfo_46;98.00;46;0;1034.74;20.03;privateType;;2
144.00;-613_1;192.11;13.68;12.00;0.00;-313_1;5.10;0.00;tripinfo_12;132.00;12;0;1356.78;32.57;privateType;;9
146.00;138_1;178.41;13.87;64.00;0.00;-19_1;5.10;0.00;tripinfo_64;82.00;64;0;933.83;12.70;privateType;;0
146.00;504_1;200.75;12.96;24.00;0.00;210_1;5.10;0.00;tripinfo_24;122.00;24;0;1372.57;19.42;privateType;;0
147.00;19_2;163.40;3.79;60.00;0.00;-379_0;12.10;0.00;tripinfo_bus3;87.00;bus3;0;791.12;29.88;busType;;9
148.00;614_1;96.58;13.27;16.00;1.00;121_1;5.10;0.00;tripinfo_15;132.00;15;0;1547.79;16.93;privateType;;0
149.00;-313_2;124.89;12.87;37.00;0.00;-730_1;5.10;0.00;tripinfo_37;112.00;37;0;1240.39;20.42;privateType;;0
150.00;837_2;105.32;12.65;3.00;0.00;-333_1;5.10;0.00;tripinfo_3;147.00;3;0;1655.18;23.80;privateType;;0
153.00;504_2;200.75;13.88;43.00;0.00;-119_1;5.10;0.00;tripinfo_43;110.00;43;0;1259.25;15.68;privateType;;0
154.00;-3_2;202.42;13.88;21.00;0.00;-1005_1;5.10;0.00;tripinfo_21;133.00;21;0;1525.59;22.25;privateType;;0
155.00;492_1;209.58;13.55;22.00;0.00;-64_1;5.10;0.00;tripinfo_22;133.00;22;0;1417.80;26.84;privateType;;2
157.00;116_1;127.29;13.86;34.00;0.00;618_1;5.10;0.00;tripinfo_34;123.00;34;0;1343.61;22.11;privateType;;0
158.00;7_2;181.11;12.89;51.00;0.00;123_1;5.10;0.00;tripinfo_51;107.00;51;0;1193.97;19.98;privateType;;0
159.00;-870_1;79.90;12.74;31.00;0.00;-867_1;5.10;0.00;tripinfo_31;128.00;31;0;1490.27;18.25;privateType;;0
161.00;-38_2;145.60;13.74;97.00;0.00;-1057_1;5.10;0.00;tripinfo_97;64.00;97;0;773.95;7.50;privateType;;0
162.00;-870_2;79.90;13.37;44.00;0.00;38_1;5.10;0.00;tripinfo_44;118.00;44;0;1320.72;20.76;privateType;;0
163.00;696_0;88.66;13.71;80.00;0.00;326_0;12.10;0.00;tripinfo_bus4;83.00;bus4;0;820.34;21.98;busType;;0
164.00;-882_2;170.95;13.41;20.00;0.00;17_1;5.10;0.00;tripinfo_20;144.00;20;0;1413.37;40.23;privateType;;16
165.00;-1029_1;144.77;13.30;54.00;0.00;-379_1;5.10;0.00;tripinfo_54;111.00;54;0;1292.67;17.15;privateType;;2
169.00;570_2;114.42;13.17;98.00;0.00;-533_1;5.10;0.00;tripinfo_98;71.00;98;0;694.99;19.63;privateType;;5
169.00;-585_1;131.11;13.29;140.00;0.00;601_1;5.10;0.00;tripinfo_140;29.00;140;0;321.72;5.64;privateType;;0
170.00;344_2;101.66;13.58;28.00;0.00;-588_1;5.10;0.00;tripinfo_28;142.00;28;0;1346.49;44.26;privateType;;17
170.00;-1029_2;144.77;13.85;67.00;0.00;-121_1;5.10;0.00;tripinfo_67;103.00;67;0;1181.14;16.27;privateType;;0
171.00;128_2;79.74;13.31;50.00;0.00;-336_1;5.10;0.00;tripinfo_50;121.00;50;0;1190.73;32.45;privateType;;13
171.00;-17_2;188.68;13.20;82.00;1.00;344_1;5.10;0.00;tripinfo_81;89.00;81;0;1005.94;12.64;privateType;;0
172.00;379_1;132.76;12.66;72.00;0.00;577_1;5.10;0.00;tripinfo_72;100.00;72;0;973.79;29.72;privateType;;16
173.00;38_2;145.60;12.90;9.00;0.00;-1011_1;5.10;0.00;tripinfo_9;164.00;9;0;1856.98;30.22;privateType;;8
173.00;-38_2;145.60;12.92;47.00;0.00;-614_1;5.10;0.00;tripinfo_47;126.00;47;0;1383.58;25.31;privateType;;4
177.00;116_1;127.29;13.38;39.00;0.00;730_1;5.10;0.00;tripinfo_39;138.00;39;0;1446.08;31.49;privateType;;6
177.00;505_1;160.73;13.08;83.00;0.00;-13_1;5.10;0.00;tripinfo_83;94.00;83;0;997.14;20.56;privateType;;2
177.00;-9_1;177.83;12.95;102.00;0.00;-523_1;5.10;0.00;tripinfo_102;75.00;102;0;862.18;12.35;privateType;;1
181.00;-613_1;192.11;12.97;42.00;1.00;-732_1;5.10;0.00;tripinfo_41;139.00;41;0;1621.90;20.32;privateType;;2
182.00;125_2;165.04;13.52;75.00;0.00;589_1;5.10;0.00;tripinfo_75;107.00;75;0;1218.64;16.95;privateType;;0
183.00;356_2;139.43;13.08;70.00;0.00;381_1;5.10;0.00;tripinfo_70;113.00;70;0;1031.58;35.37;privateType;;11
186.00;698_1;111.22;13.13;175.00;0.00;698_1;5.10;0.00;tripinfo_175;11.00;175;0;106.12;3.36;privateType;;0
186.00;-126_1;193.84;12.91;112.00;0.00;361_1;5.10;0.00;tripinfo_112;74.00;112;0;699.19;20.70;privateType;;5
187.00;344_2;101.66;13.06;120.00;0.00;-349_1;5.10;0.00;tripinfo_120;67.00;120;0;606.77;20.80;privateType;;8
187.00;579_1;150.88;12.99;66.00;0.00;-728_1;5.10;0.00;tripinfo_66;121.00;66;0;1400.76;16.84;privateType;;0
189.00;-9_2;177.83;13.51;107.00;0.00;-348_1;5.10;0.00;tripinfo_107;82.00;107;0;862.81;16.31;privateType;;0
190.00;-650_2;183.62;12.64;1.00;0.00;-336_1;5.10;0.00;tripinfo_1;189.00;1;0;2205.40;29.10;privateType;;1
193.00;-728_1;92.06;13.55;116.00;0.00;-7_1;5.10;0.00;tripinfo_116;77.00;116;0;728.36;23.62;privateType;;9
195.00;-332_2;101.49;12.94;33.00;0.00;-517_1;5.10;0.00;tripinfo_33;162.00;33;0;1414.98;59.55;privateType;;31
197.00;13_2;95.18;6.74;53.00;0.00;-1005_1;5.10;0.00;tripinfo_53;144.00;53;0;1445.70;39.23;privateType;;8
199.00;-597_2;86.31;12.93;32.00;0.00;-577_1;5.10;0.00;tripinfo_32;167.00;32;0;1663.82;43.26;privateType;;16
199.00;330_1;181.12;13.17;147.00;0.00;-313_1;5.10;0.00;tripinfo_147;52.00;147;0;566.12;8.86;privateType;;0
201.00;325_1;122.87;12.83;121.00;0.00;-126_1;5.10;0.00;tripinfo_121;80.00;121;0;937.12;8.76;privateType;;0
201.00;-379_1;132.76;13.45;59.00;0.00;15_1;5.10;0.00;tripinfo_59;142.00;59;0;1491.04;32.85;privateType;;6
201.00;38_1;145.60;13.26;86.00;0.00;870_1;5.10;0.00;tripinfo_86;115.00;86;0;1400.65;12.28;privateType;;0
202.00;570_2;114.42;12.91;88.00;0.00;1005_1;5.10;0.00;tripinfo_88;114.00;88;0;1385.38;12.82;privateType;;0
202.00;-505_2;160.73;11.66;71.00;0.00;-585_1;5.10;0.00;tripinfo_71;131.00;71;0;1259.76;37.25;privateType;;6
204.00;728_2;92.06;13.39;74.00;0.00;-674_1;5.10;0.00;tripinfo_74;130.00;74;0;1539.29;14.87;privateType;;0
205.00;365_0;193.22;13.90;120.00;0.00;116_0;12.10;0.00;tripinfo_bus6;85.00;bus6;0;1000.63;12.38;busType;;0
207.00;-577_1;182.62;13.23;99.00;0.00;11_1;5.10;0.00;tripinfo_99;108.00;99;0;1315.62;11.71;privateType;;0
209.00;-128_1;79.74;13.21;156.00;0.00;-379_1;5.10;0.00;tripinfo_156;53.00;156;0;516.91;13.66;privateType;;2
210.00;533_1;108.13;13.43;87.00;0.00;123_1;5.10;0.00;tripinfo_87;123.00;87;0;1304.18;28.83;privateType;;4
213.00;-336_1;84.01;4.87;136.00;0.00;344_1;5.10;0.00;tripinfo_136;77.00;136;0;706.04;23.48;privateType;;3
215.00;-837_2;105.32;13.15;27.00;0.00;-517_1;5.10;0.00;tripinfo_27;188.00;27;0;1734.98;63.05;privateType;;41
215.00;535_2;160.73;13.35;143.00;0.00;-349_1;5.10;0.00;tripinfo_143;72.00;143;0;678.69;21.15;privateType;;6
216.00;-579_2;150.88;13.39;171.00;0.00;-577_1;5.10;0.00;tripinfo_171;45.00;171;0;490.73;7.82;privateType;;0
219.00;-592_1;101.18;13.72;208.00;0.00;-592_1;5.10;0.00;tripinfo_208;11.00;208;0;96.08;3.54;privateType;;0
219.00;601_2;174.53;13.47;30.00;0.00;-846_1;5.10;0.00;tripinfo_30;189.00;30;0;2245.82;25.21;privateType;;2
221.00;-381_1;84.56;13.71;49.00;0.00;-684_1;5.10;0.00;tripinfo_49;172.00;49;0;1834.84;36.77;privateType;;12
222.00;-19_2;163.40;13.76;100.00;0.00;-613_0;12.10;0.00;tripinfo_bus5;122.00;bus5;0;1181.29;35.68;busType;;2
223.00;-613_2;192.11;12.83;104.00;0.00;-326_1;5.10;0.00;tripinfo_104;119.00;104;0;1341.22;19.10;privateType;;1
226.00;1029_2;144.77;12.82;111.00;0.00;570_1;5.10;0.00;tripinfo_111;115.00;111;0;1376.87;15.27;privateType;;0
227.00;-121_1;187.32;13.45;137.00;0.00;-38_1;5.10;0.00;tripinfo_137;90.00;137;0;716.96;36.30;privateType;;19
227.00;-618_2;137.47;12.97;100.00;0.00;-870_1;5.10;0.00;tripinfo_100;127.00;100;0;1401.16;25.67;privateType;;5
228.00;381_2;84.56;13.37;160.00;0.00;492_0;12.10;0.00;tripinfo_bus8;68.00;bus8;0;747.54;13.80;busType;;0
231.00;-64_1;116.02;13.66;95.00;0.00;504_1;5.10;0.00;tripinfo_95;136.00;95;0;1454.05;29.17;privateType;;5
231.00;-698_2;111.22;13.70;106.00;0.00;608_1;5.10;0.00;tripinfo_106;125.00;106;0;1432.54;21.12;privateType;;0
231.00;579_1;150.88;13.43;92.00;0.00;-533_1;5.10;0.00;tripinfo_92;139.00;92;0;1546.76;24.94;privateType;;5
231.00;38_2;145.60;13.66;140.00;0.00;326_0;12.10;0.00;tripinfo_bus7;91.00;bus7;0;401.07;61.70;busType;;44
233.00;-361_1;142.46;13.41;220.00;0.00;-361_1;5.10;0.00;tripinfo_220;13.00;220;0;137.36;2.92;privateType;;0
238.00;336_1;84.01;13.69;141.00;0.00;-313_1;5.10;0.00;tripinfo_141;97.00;141;0;1060.79;17.41;privateType;;0
239.00;-837_2;105.32;13.46;108.00;0.00;-125_1;5.10;0.00;tripinfo_108;131.00;108;0;1462.56;25.35;privateType;;10
241.00;517_1;157.09;13.56;113.00;0.00;-728_1;5.10;0.00;tripinfo_113;128.00;113;0;1462.55;20.85;privateType;;0
241.00;-570_1;114.42;12.95;127.00;0.00;-1005_1;5.10;0.00;tripinfo_127;114.00;127;0;1383.95;12.86;privateType;;0
242.00;1027_2;213.64;13.74;131.00;0.00;-338_1;5.10;0.00;tripinfo_131;111.00;131;0;1190.72;25.27;privateType;;3
242.00;1011_1;222.91;13.40;76.00;0.00;-569_1;5.10;0.00;tripinfo_76;166.00;76;0;1952.31;21.52;privateType;;0
244.00;679_1;110.98;13.36;135.00;0.00;-492_1;5.10;0.00;tripinfo_135;109.00;135;0;1303.34;12.64;privateType;;0
245.00;210_2;103.97;11.38;180.00;0.00;-612_0;12.10;0.00;tripinfo_bus9;65.00;bus9;0;728.52;12.13;busType;;0
247.00;-381_2;84.56;13.02;216.00;0.00;-383_1;5.10;0.00;tripinfo_216;31.00;216;0;332.84;6.45;privateType;;0
247.00;38_1;145.60;12.84;145.00;0.00;-579_1;5.10;0.00;tripinfo_145;102.00;145;0;1227.48;11.95;privateType;;0
247.00;125_1;165.04;13.84;232.00;0.00;125_1;5.10;0.00;tripinfo_232;15.00;232;0;159.94;2.86;privateType;;0
250.00;-732_2;121.01;13.12;42.00;0.00;-601_1;5.10;0.00;tripinfo_42;208.00;42;0;2129.34;54.35;privateType;;16
251.00;837_2;105.32;13.43;215.00;0.00;674_1;5.10;0.00;tripinfo_215;36.00;215;0;396.84;6.49;privateType;;0
252.00;-577_2;182.62;12.88;68.00;0.00;-880_1;5.10;0.00;tripinfo_68;184.00;68;0;2158.03;27.93;privateType;;2
253.00;-505_2;160.73;13.20;114.00;0.00;-1029_1;5.10;0.00;tripinfo_114;139.00;114;0;1461.80;32.26;privateType;;0
254.00;698_1;111.22;12.94;115.00;0.00;-533_1;5.10;0.00;tripinfo_115;139.00;115;0;1597.01;19.07;privateType;;0
255.00;597_2;86.31;12.64;119.00;2.00;585_1;5.10;0.00;tripinfo_117;136.00;117;0;1349.93;35.67;privateType;;4
258.00;-492_1;209.58;13.33;201.00;0.00;-570_1;5.10;0.00;tripinfo_201;57.00;201;0;657.83;9.43;privateType;;0
261.00;381_2;84.56;13.68;154.00;0.00;-11_1;5.10;0.00;tripinfo_154;107.00;154;0;908.08;40.98;privateType;;17
263.00;-11_2;143.74;13.79;213.00;0.00;-333_1;5.10;0.00;tripinfo_213;50.00;213;0;528.10;8.66;privateType;;0
263.00;-535_2;160.73;13.76;58.00;0.00;-837_1;5.10;0.00;tripinfo_58;205.00;58;0;2165.18;45.07;privateType;;19
266.00;597_2;86.31;12.83;199.00;0.00;19_1;5.10;0.00;tripinfo_199;67.00;199;0;719.59;13.84;privateType;;0
266.00;-618_2;137.47;13.30;104.00;1.00;570_1;5.10;0.00;tripinfo_103;162.00;103;0;1678.61;38.48;privateType;;8
268.00;1033_1;97.11;12.67;83.00;1.00;-344_1;5.10;0.00;tripinfo_82;185.00;82;0;1688.44;61.27;privateType;;21
268.00;-625_2;115.42;13.17;110.00;0.00;-210_1;5.10;0.00;tripinfo_110;158.00;110;0;1435.00;54.20;privateType;;22
270.00;344_2;101.66;13.55;189.00;3.00;9_1;5.10;0.00;tripinfo_186;81.00;186;0;689.89;30.68;privateType;;7
270.00;-625_2;115.42;12.92;89.00;0.00;-383_1;5.10;0.00;tripinfo_89;181.00;89;0;1754.48;52.57;privateType;;21
270.00;319_2;192.54;13.27;144.00;0.00;325_1;5.10;0.00;tripinfo_144;126.00;144;0;470.05;91.31;privateType;;79
271.00;504_1;200.75;13.64;124.00;0.00;-17_1;5.10;0.00;tripinfo_124;147.00;124;0;1522.30;32.88;privateType;;5
273.00;64_1;116.02;13.67;152.00;0.00;319_1;5.10;0.00;tripinfo_152;121.00;152;0;932.42;51.24;privateType;;36
274.00;-348_2;127.93;12.80;221.00;0.00;333_1;5.10;0.00;tripinfo_221;53.00;221;0;586.84;8.23;privateType;;0
274.00;-361_2;142.46;12.65;139.00;0.00;728_1;5.10;0.00;tripinfo_139;135.00;139;0;1321.74;37.95;privateType;;4
276.00;326_2;98.80;13.44;176.00;0.00;-504_1;5.10;0.00;tripinfo_176;100.00;176;0;1021.41;25.96;privateType;;8
278.00;-597_2;86.31;12.77;205.00;0.00;517_1;5.10;0.00;tripinfo_205;73.00;205;0;707.93;21.58;privateType;;0
279.00;-15_1;145.65;13.40;179.00;0.00;-621_1;5.10;0.00;tripinfo_179;100.00;179;0;793.79;39.34;privateType;;16
281.00;1005_1;115.05;13.90;170.00;0.00;379_1;5.10;0.00;tripinfo_170;111.00;170;0;1263.11;19.45;privateType;;1
281.00;-597_2;86.31;13.07;207.00;0.00;361_1;5.10;0.00;tripinfo_207;74.00;207;0;699.60;21.39;privateType;;8
282.00;-210_2;103.97;6.96;190.00;0.00;-319_1;5.10;0.00;tripinfo_190;92.00;190;0;1065.68;14.82;privateType;;0
283.00;13_1;95.18;12.97;174.00;0.00;-696_1;5.10;0.00;tripinfo_174;109.00;174;0;977.50;36.56;privateType;;8
285.00;379_2;132.76;12.63;218.00;0.00;-535_1;5.10;0.00;tripinfo_218;67.00;218;0;762.71;10.27;privateType;;0
289.00;1093_1;163.07;13.28;235.00;0.00;1005_1;5.10;0.00;tripinfo_235;54.00;235;0;592.03;9.86;privateType;;0
289.00;-25_1;190.16;13.78;165.00;0.00;-1093_1;5.10;0.00;tripinfo_165;124.00;165;0;1519.68;14.45;privateType;;0
291.00;336_1;84.01;13.59;210.00;0.00;588_1;5.10;0.00;tripinfo_210;81.00;210;0;768.95;24.16;privateType;;7
292.00;19_2;163.40;13.90;186.00;4.00;-379_1;5.10;0.00;tripinfo_182;106.00;182;0;817.27;44.07;privateType;;23
292.00;-11_1;143.74;5.59;223.00;0.00;-3_1;5.10;0.00;tripinfo_223;69.00;223;0;496.46;31.76;privateType;;15
295.00;128_1;79.74;13.49;148.00;0.00;64_1;5.10;0.00;tripinfo_148;147.00;148;0;1046.45;71.18;privateType;;42
296.00;-650_2;183.62;11.28;85.00;0.00;-128_1;5.10;0.00;tripinfo_85;211.00;85;0;2149.73;55.84;privateType;;21
298.00;-492_1;209.58;13.06;212.00;0.00;125_1;5.10;0.00;tripinfo_212;86.00;212;0;1002.64;12.39;privateType;;0
302.00;9_1;177.83;6.52;236.00;0.00;-1029_1;5.10;0.00;tripinfo_236;66.00;236;0;660.71;18.00;privateType;;0
303.00;333_2;139.11;13.43;183.00;0.00;-625_1;5.10;0.00;tripinfo_183;120.00;183;0;1385.32;15.75;privateType;;0
307.00;-734_2;194.90;13.32;78.00;0.00;-612_1;5.10;0.00;tripinfo_78;229.00;78;0;2577.44;41.18;privateType;;1
308.00;-870_2;79.90;13.39;118.00;0.00;-639_1;5.10;0.00;tripinfo_118;190.00;118;0;1816.67;56.85;privateType;;25
308.00;123_1;129.57;13.20;198.00;0.00;-383_1;5.10;0.00;tripinfo_198;110.00;198;0;970.04;37.56;privateType;;12
310.00;123_1;129.57;13.25;181.00;0.00;-613_1;5.10;0.00;tripinfo_181;129.00;181;0;1218.75;39.79;privateType;;13
316.00;383_2;144.37;13.62;227.00;0.00;-614_1;5.10;0.00;tripinfo_227;89.00;227;0;892.22;23.73;privateType;;6
317.00;1005_1;115.05;13.52;258.00;0.00;-577_1;5.10;0.00;tripinfo_258;59.00;258;0;696.67;7.84;privateType;;0
317.00;-3_2;202.42;13.57;194.00;0.00;125_1;5.10;0.00;tripinfo_194;123.00;194;0;1387.24;19.57;privateType;;2
320.00;379_1;132.76;13.14;206.00;0.00;-116_1;5.10;0.00;tripinfo_206;114.00;206;0;1246.06;24.10;privateType;;3
320.00;9_1;177.83;5.66;276.00;0.00;-11_1;5.10;0.00;tripinfo_276;44.00;276;0;344.55;19.04;privateType;;2
321.00;-674_2;169.72;13.74;65.00;0.00;-597_1;5.10;0.00;tripinfo_65;256.00;65;0;2036.91;108.07;privateType;;84
323.00;-618_2;137.47;13.62;94.00;0.00;-597_1;5.10;0.00;tripinfo_94;229.00;94;0;2703.72;33.44;privateType;;1
325.00;612_2;160.78;13.52;200.00;0.00;15_1;5.10;0.00;tripinfo_200;125.00;200;0;1440.07;19.52;privateType;;0
326.00;125_2;165.04;13.49;270.00;0.00;-365_1;5.10;0.00;tripinfo_270;56.00;270;0;680.08;6.20;privateType;;0
327.00;-356_1;139.43;13.26;195.00;0.00;17_1;5.10;0.00;tripinfo_195;132.00;195;0;1101.74;51.06;privateType;;26
327.00;-128_1;79.74;7.53;251.00;0.00;-608_1;5.10;0.00;tripinfo_251;76.00;251;0;798.04;15.46;privateType;;0
329.00;-356_2;139.43;12.42;265.00;0.00;-679_1;5.10;0.00;tripinfo_265;64.00;265;0;714.35;10.08;privateType;;0
329.00;535_2;160.73;13.08;230.00;0.00;361_1;5.10;0.00;tripinfo_230;99.00;230;0;1147.90;13.08;privateType;;0
331.00;585_2;131.11;13.79;275.00;0.00;-601_1;5.10;0.00;tripinfo_275;56.00;275;0;634.38;9.25;privateType;;0
332.00;-623_2;148.58;13.53;149.00;0.00;-9_1;5.10;0.00;tripinfo_149;183.00;149;0;1553.03;70.17;privateType;;35
332.00;-882_2;170.95;13.26;138.00;0.00;9_1;5.10;0.00;tripinfo_138;194.00;138;0;1988.79;48.58;privateType;;17
333.00;-348_2;127.93;13.01;162.00;0.00;-623_1;5.10;0.00;tripinfo_162;171.00;162;0;1709.85;45.55;privateType;;9
334.00;64_1;116.02;13.47;153.00;0.00;589_1;5.10;0.00;tripinfo_153;181.00;153;0;1098.10;99.95;privateType;;75
335.00;-25_2;190.16;13.88;233.00;0.00;-336_1;5.10;0.00;tripinfo_233;102.00;233;0;1097.22;18.38;privateType;;1
336.00;523_1;173.47;13.67;187.00;0.00;356_1;5.10;0.00;tripinfo_187;149.00;187;0;1344.10;50.55;privateType;;30
337.00;128_1;79.74;13.88;150.00;0.00;517_1;5.10;0.00;tripinfo_150;187.00;150;0;1525.32;76.19;privateType;;34
338.00;-614_2;96.58;13.16;163.00;0.00;837_1;5.10;0.00;tripinfo_163;175.00;163;0;2101.94;21.73;privateType;;0
338.00;585_1;131.11;13.47;241.00;0.00;9_1;5.10;0.00;tripinfo_241;97.00;241;0;705.23;45.61;privateType;;23
340.00;-116_2;127.29;12.94;217.00;0.00;-613_1;5.10;0.00;tripinfo_217;123.00;217;0;1386.65;21.15;privateType;;1
340.00;-608_1;165.75;12.84;155.00;0.00;674_1;5.10;0.00;tripinfo_155;185.00;155;0;2267.79;20.33;privateType;;0
342.00;125_2;165.04;11.40;280.00;0.00;-570_0;12.10;0.00;tripinfo_bus14;62.00;bus14;0;580.50;19.31;busType;;0
343.00;128_2;79.74;13.75;267.00;0.00;-618_1;5.10;0.00;tripinfo_267;76.00;267;0;852.43;13.06;privateType;;0
345.00;325_1;122.87;13.57;240.00;0.00;642_0;12.10;0.00;tripinfo_bus12;105.00;bus12;0;1058.96;28.47;busType;;4
346.00;-356_1;139.43;13.70;196.00;0.00;-504_1;5.10;0.00;tripinfo_196;150.00;196;0;1634.11;27.47;privateType;;2
348.00;684_1;113.50;12.75;244.00;0.00;-116_1;5.10;0.00;tripinfo_244;104.00;244;0;1160.74;16.36;privateType;;0
350.00;1033_1;97.11;12.97;146.00;0.00;608_1;5.10;0.00;tripinfo_146;204.00;146;0;2314.20;35.93;privateType;;5
350.00;-64_2;116.02;13.78;261.00;0.00;-333_1;5.10;0.00;tripinfo_261;89.00;261;0;961.99;17.35;privateType;;0
350.00;-125_2;165.04;11.09;234.00;0.00;579_1;5.10;0.00;tripinfo_234;116.00;234;0;1371.62;16.89;privateType;;0
352.00;-837_2;105.32;13.90;132.00;0.00;535_1;5.10;0.00;tripinfo_132;220.00;132;0;2254.15;56.58;privateType;;19
352.00;-612_1;160.78;13.53;128.00;0.00;-882_1;5.10;0.00;tripinfo_128;224.00;128;0;2199.30;64.06;privateType;;26
354.00;-125_2;165.04;13.31;266.00;0.00;9_1;5.10;0.00;tripinfo_266;88.00;266;0;727.46;35.19;privateType;;6
356.00;-356_2;139.43;13.47;260.00;0.00;-11_0;12.10;0.00;tripinfo_bus13;96.00;bus13;0;627.97;50.06;busType;;11
357.00;734_1;194.90;12.81;202.00;0.00;381_1;5.10;0.00;tripinfo_202;155.00;202;0;1674.74;31.55;privateType;;0
360.00;579_0;150.88;13.76;200.00;0.00;338_0;12.10;0.00;tripinfo_bus10;160.00;bus10;0;1182.62;73.96;busType;;12
361.00;621_1;86.54;13.00;311.00;0.00;319_1;5.10;0.00;tripinfo_311;50.00;311;0;302.37;28.02;privateType;;19
361.00;614_2;96.58;13.60;323.00;0.00;-579_1;5.10;0.00;tripinfo_323;38.00;323;0;411.34;6.72;privateType;;0
363.00;333_2;139.11;13.35;312.00;0.00;-356_1;5.10;0.00;tripinfo_312;51.00;312;0;571.31;8.79;privateType;;0
364.00;116_1;127.29;12.63;238.00;0.00;679_1;5.10;0.00;tripinfo_238;126.00;238;0;1244.27;33.94;privateType;;11
365.00;612_1;160.78;13.60;161.00;0.00;-674_1;5.10;0.00;tripinfo_161;204.00;161;0;2273.08;38.62;privateType;;12
366.00;-138_2;178.41;13.60;262.00;0.00;336_1;5.10;0.00;tripinfo_262;104.00;262;0;1202.73;13.86;privateType;;0
366.00;25_2;190.16;13.18;184.00;0.00;-505_1;5.10;0.00;tripinfo_184;182.00;184;0;1606.13;65.38;privateType;;27
367.00;882_2;170.95;13.34;173.00;0.00;-618_1;5.10;0.00;tripinfo_173;194.00;173;0;2119.96;36.81;privateType;;7
368.00;1033_1;97.11;13.39;269.00;0.00;-330_1;5.10;0.00;tripinfo_269;99.00;269;0;1106.27;17.82;privateType;;0
368.00;379_1;132.76;12.61;279.00;0.00;-608_1;5.10;0.00;tripinfo_279;89.00;279;0;961.59;18.20;privateType;;6
373.00;-1029_2;144.77;12.71;260.00;0.00;-126_1;5.10;0.00;tripinfo_260;113.00;260;0;1382.32;13.30;privateType;;0
375.00;1029_1;144.77;13.22;204.00;0.00;-325_1;5.10;0.00;tripinfo_204;171.00;204;0;1177.39;84.00;privateType;;57
380.00;882_2;170.95;13.13;246.00;0.00;-64_1;5.10;0.00;tripinfo_246;134.00;246;0;1169.45;47.42;privateType;;21
384.00;38_2;145.60;13.63;307.00;0.00;123_1;5.10;0.00;tripinfo_307;77.00;307;0;866.20;13.63;privateType;;0
384.00;349_2;149.39;5.37;316.00;0.00;126_1;5.10;0.00;tripinfo_316;68.00;316;0;628.78;21.15;privateType;;0
389.00;356_2;139.43;12.89;185.00;0.00;523_1;5.10;0.00;tripinfo_185;204.00;185;0;1934.05;61.99;privateType;;33
389.00;535_2;160.73;13.31;330.00;0.00;601_1;5.10;0.00;tripinfo_330;59.00;330;0;682.37;9.07;privateType;;0
391.00;867_1;229.75;13.58;225.00;0.00;17_1;5.10;0.00;tripinfo_225;166.00;225;0;1763.60;38.41;privateType;;7
392.00;-608_2;165.75;13.64;164.00;0.00;523_1;5.10;0.00;tripinfo_164;228.00;164;0;2193.80;69.36;privateType;;47
394.00;-365_1;193.22;12.98;237.00;0.00;696_1;5.10;0.00;tripinfo_237;157.00;237;0;1477.17;48.71;privateType;;4
397.00;1005_2;115.05;13.38;211.00;0.00;-686_1;5.10;0.00;tripinfo_211;186.00;211;0;2201.79;27.15;privateType;;0
398.00;505_2;160.73;13.54;297.00;0.00;-25_1;5.10;0.00;tripinfo_297;101.00;297;0;797.39;40.96;privateType;;21
399.00;-577_1;182.62;13.23;326.00;2.00;-579_1;5.10;0.00;tripinfo_324;73.00;324;0;787.37;13.19;privateType;;0
399.00;840_0;227.77;13.35;220.00;0.00;-608_0;12.10;0.00;tripinfo_bus11;179.00;bus11;0;2182.10;21.15;busType;;0
401.00;19_2;163.40;13.28;319.00;0.00;-344_1;5.10;0.00;tripinfo_319;82.00;319;0;865.84;15.03;privateType;;0
405.00;3_2;202.42;13.85;300.00;0.00;585_0;12.10;0.00;tripinfo_bus15;105.00;bus15;0;1037.72;29.31;busType;;1
410.00;-121_2;187.32;13.86;264.00;0.00;-577_1;5.10;0.00;tripinfo_264;146.00;264;0;1401.97;41.80;privateType;;16
413.00;336_1;84.01;13.45;329.00;0.00;-121_1;5.10;0.00;tripinfo_329;84.00;329;0;771.95;25.66;privateType;;10
414.00;356_2;139.43;13.71;302.00;0.00;-1027_1;5.10;0.00;tripinfo_302;112.00;302;0;1277.61;17.76;privateType;;0
414.00;-623_2;148.58;13.25;228.00;0.00;696_1;5.10;0.00;tripinfo_228;186.00;228;0;1872.95;49.26;privateType;;7
415.00;-138_1;178.41;12.83;332.00;0.00;1029_1;5.10;0.00;tripinfo_332;83.00;332;0;905.19;15.65;privateType;;4
416.00;-882_1;170.95;13.17;351.00;0.00;-625_1;5.10;0.00;tripinfo_351;65.00;351;0;727.94;10.66;privateType;;0
417.00;-579_2;150.88;13.42;284.00;0.00;-126_1;5.10;0.00;tripinfo_284;133.00;284;0;1272.72;39.33;privateType;;17
419.00;577_1;182.62;12.62;231.00;0.00;588_1;5.10;0.00;tripinfo_231;188.00;231;0;1848.97;54.24;privateType;;23
420.00;-138_2;178.41;13.39;229.00;0.00;882_1;5.10;0.00;tripinfo_229;191.00;229;0;2000.34;45.91;privateType;;13
421.00;-579_2;150.88;13.38;247.00;0.00;-837_1;5.10;0.00;tripinfo_247;174.00;247;0;1945.05;32.12;privateType;;10
423.00;64_2;116.02;12.94;326.00;0.00;-121_1;5.10;0.00;tripinfo_326;97.00;326;0;701.91;43.11;privateType;;26
424.00;569_0;176.00;13.42;340.00;0.00;-326_0;12.10;0.00;tripinfo_bus17;84.00;bus17;0;1030.95;9.20;busType;;0
424.00;492_1;209.58;13.13;288.00;0.00;-356_1;5.10;0.00;tripinfo_288;136.00;288;0;1362.94;33.83;privateType;;5
426.00;686_1;152.40;13.69;192.00;0.00;-867_1;5.10;0.00;tripinfo_192;234.00;192;0;2224.16;67.97;privateType;;38
426.00;880_1;211.79;12.90;243.00;0.00;870_1;5.10;0.00;tripinfo_243;183.00;243;0;2082.91;31.14;privateType;;6
427.00;614_1;96.58;13.21;325.00;0.00;-379_1;5.10;0.00;tripinfo_325;102.00;325;0;1005.66;27.85;privateType;;12
427.00;625_2;115.42;13.38;224.00;0.00;-1011_1;5.10;0.00;tripinfo_224;203.00;224;0;2438.94;26.67;privateType;;0
428.00;-679_2;110.98;12.83;336.00;0.00;344_1;5.10;0.00;tripinfo_336;92.00;336;0;1016.27;15.42;privateType;;0
429.00;-138_2;178.41;13.43;348.00;1.00;-344_1;5.10;0.00;tripinfo_347;81.00;347;0;860.13;15.56;privateType;;0
430.00;-19_1;163.40;4.80;364.00;0.00;-523_1;5.10;0.00;tripinfo_364;66.00;364;0;647.21;19.28;privateType;;6
431.00;-523_2;173.47;13.23;245.00;0.00;614_1;5.10;0.00;tripinfo_245;186.00;245;0;1745.48;58.32;privateType;;32
433.00;1005_2;115.05;13.79;354.00;0.00;696_1;5.10;0.00;tripinfo_354;79.00;354;0;842.61;17.55;privateType;;1
434.00;686_0;152.40;13.84;400.00;0.00;-597_0;12.10;0.00;tripinfo_bus20;34.00;bus20;0;322.45;10.19;busType;;0
435.00;-734_2;194.90;13.21;226.00;0.00;-696_1;5.10;0.00;tripinfo_226;209.00;226;0;2204.45;46.97;privateType;;11
436.00;-505_1;160.73;5.07;295.00;0.00;379_1;5.10;0.00;tripinfo_295;141.00;295;0;1169.91;53.72;privateType;;23
436.00;1029_2;144.77;12.91;338.00;0.00;381_1;5.10;0.00;tripinfo_338;98.00;338;0;1178.68;11.96;privateType;;0
440.00;126_2;193.84;13.84;352.00;0.00;-492_1;5.10;0.00;tripinfo_352;88.00;352;0;957.42;16.70;privateType;;0
442.00;577_1;182.62;13.23;317.00;0.00;-7_1;5.10;0.00;tripinfo_317;125.00;317;0;1071.76;46.17;privateType;;25
442.00;-17_2;188.68;12.82;290.00;0.00;348_1;5.10;0.00;tripinfo_290;152.00;290;0;1066.39;74.11;privateType;;58
443.00;-523_2;173.47;13.11;412.00;0.00;523_1;5.10;0.00;tripinfo_412;31.00;412;0;346.66;5.46;privateType;;0
445.00;-1005_1;115.05;12.84;384.00;0.00;-11_1;5.10;0.00;tripinfo_384;61.00;384;0;710.97;9.25;privateType;;0
446.00;-17_2;188.68;12.81;350.00;0.00;-585_1;5.10;0.00;tripinfo_350;96.00;350;0;899.29;30.63;privateType;;10
449.00;319_2;192.54;10.01;340.00;0.00;-383_1;5.10;0.00;tripinfo_340;109.00;340;0;1283.32;14.75;privateType;;0
450.00;-116_2;127.29;13.13;283.00;0.00;11_1;5.10;0.00;tripinfo_283;167.00;283;0;1318.43;71.78;privateType;;41
450.00;365_1;193.22;13.84;383.00;0.00;-326_1;5.10;0.00;tripinfo_383;67.00;383;0;847.31;5.77;privateType;;0
453.00;608_1;165.75;13.47;333.00;0.00;3_1;5.10;0.00;tripinfo_333;120.00;333;0;1370.07;19.68;privateType;;3
454.00;379_1;132.76;13.83;371.00;0.00;-601_1;5.10;0.00;tripinfo_371;83.00;371;0;835.52;22.53;privateType;;4
454.00;-338_2;103.06;13.41;296.00;0.00;601_1;5.10;0.00;tripinfo_296;158.00;296;0;1231.57;67.81;privateType;;40
454.00;585_1;131.11;12.97;328.00;0.00;-625_1;5.10;0.00;tripinfo_328;126.00;328;0;1260.73;33.83;privateType;;10
455.00;-585_2;131.11;13.45;343.00;0.00;-492_1;5.10;0.00;tripinfo_343;112.00;343;0;1245.68;20.14;privateType;;0
457.00;-326_1;98.80;13.41;214.00;0.00;-870_1;5.10;0.00;tripinfo_214;243.00;214;0;1412.35;140.88;privateType;;79
458.00;13_2;95.18;13.04;341.00;0.00;-880_1;5.10;0.00;tripinfo_341;117.00;341;0;1237.82;25.47;privateType;;0
459.00;698_2;111.22;13.12;310.00;0.00;-730_1;5.10;0.00;tripinfo_310;149.00;310;0;1660.82;27.22;privateType;;6
462.00;592_1;101.18;12.89;84.00;0.00;614_1;5.10;0.00;tripinfo_84;378.00;84;0;2091.29;224.18;privateType;;182
464.00;-650_2;183.62;13.60;377.00;0.00;-734_1;5.10;0.00;tripinfo_377;87.00;377;0;1047.16;10.79;privateType;;0
465.00;876_1;109.44;13.90;366.00;0.00;-674_1;5.10;0.00;tripinfo_366;99.00;366;0;1244.23;8.74;privateType;;0
465.00;383_1;144.37;12.69;300.00;0.00;330_1;5.10;0.00;tripinfo_300;165.00;300;0;1599.41;48.27;privateType;;22
468.00;570_2;114.42;12.87;385.00;0.00;-333_1;5.10;0.00;tripinfo_385;83.00;385;0;976.63;12.51;privateType;;0
468.00;-333_1;139.11;13.47;321.00;0.00;-639_1;5.10;0.00;tripinfo_321;147.00;321;0;1627.56;29.30;privateType;;13
468.00;-608_1;165.75;12.78;363.00;0.00;-379_1;5.10;0.00;tripinfo_363;105.00;363;0;1189.58;17.64;privateType;;1
469.00;126_1;193.84;12.61;268.00;0.00;-674_1;5.10;0.00;tripinfo_268;201.00;268;0;2032.15;52.86;privateType;;14
470.00;-123_2;129.57;13.89;334.00;0.00;-1027_1;5.10;0.00;tripinfo_334;136.00;334;0;1420.19;32.41;privateType;;4
471.00;597_2;86.31;13.65;335.00;0.00;-210_1;5.10;0.00;tripinfo_335;136.00;335;0;1054.75;57.55;privateType;;34
471.00;210_2;103.97;13.87;378.00;0.00;121_1;5.10;0.00;tripinfo_378;93.00;378;0;1073.60;12.55;privateType;;0
472.00;601_1;174.53;8.72;303.00;0.00;504_1;5.10;0.00;tripinfo_303;169.00;303;0;1974.19;23.61;privateType;;0
473.00;533_1;108.13;13.90;322.00;0.00;696_1;5.10;0.00;tripinfo_322;151.00;322;0;1415.30;46.96;privateType;;20
474.00;674_2;169.72;13.42;79.00;0.00;-867_1;5.10;0.00;tripinfo_79;395.00;79;0;2440.65;214.87;privateType;;160
476.00;614_1;96.58;13.58;344.00;0.00;348_1;5.10;0.00;tripinfo_344;132.00;344;0;1417.52;27.55;privateType;;8
476.00;-126_2;193.84;12.79;315.00;0.00;3_1;5.10;0.00;tripinfo_315;161.00;315;0;1087.18;81.36;privateType;;59
476.00;-589_2;204.16;13.30;79.00;2.00;-569_1;5.10;0.00;tripinfo_77;397.00;77;0;1798.25;266.84;privateType;;244
477.00;-116_2;127.29;12.68;286.00;0.00;-361_1;5.10;0.00;tripinfo_286;191.00;286;0;1319.93;93.51;privateType;;68
477.00;-313_2;124.89;4.60;191.00;0.00;-504_1;5.10;0.00;tripinfo_191;286.00;191;0;1174.00;201.09;privateType;;160
479.00;-116_2;127.29;12.86;301.00;0.00;-1093_1;5.10;0.00;tripinfo_301;178.00;301;0;1921.35;38.94;privateType;;1
480.00;3_1;202.42;12.61;417.00;0.00;-348_1;5.10;0.00;tripinfo_417;63.00;417;0;719.98;9.11;privateType;;0
483.00;-123_2;129.57;12.86;423.00;0.00;-19_1;5.10;0.00;tripinfo_423;60.00;423;0;615.60;15.25;privateType;;0
484.00;612_2;160.78;12.70;394.00;0.00;-11_1;5.10;0.00;tripinfo_394;90.00;394;0;1076.26;11.98;privateType;;0
484.00;505_2;160.73;13.87;440.00;0.00;123_0;12.10;0.00;tripinfo_bus22;44.00;bus22;0;401.87;13.62;busType;;0
485.00;684_1;113.50;12.94;427.00;0.00;-517_1;5.10;0.00;tripinfo_427;58.00;427;0;596.31;14.19;privateType;;4
486.00;618_2;137.47;13.58;396.00;0.00;-585_1;5.10;0.00;tripinfo_396;90.00;396;0;869.52;26.96;privateType;;9
488.00;-614_2;96.58;13.10;291.00;0.00;837_1;5.10;0.00;tripinfo_291;197.00;291;0;2101.94;43.87;privateType;;13
490.00;-356_1;139.43;13.85;380.00;0.00;577_0;12.10;0.00;tripinfo_bus19;110.00;bus19;0;1095.92;29.02;busType;;7
492.00;-612_1;160.78;12.85;376.00;0.00;-7_1;5.10;0.00;tripinfo_376;116.00;376;0;1331.13;19.42;privateType;;0
493.00;-597_2;86.31;13.39;287.00;0.00;612_1;5.10;0.00;tripinfo_287;206.00;287;0;1833.83;71.91;privateType;;31
494.00;-523_2;173.47;13.38;389.00;0.00;-379_1;5.10;0.00;tripinfo_389;105.00;389;0;1082.50;24.94;privateType;;1
494.00;1027_2;213.64;13.35;298.00;0.00;-361_1;5.10;0.00;tripinfo_298;196.00;298;0;1569.52;81.89;privateType;;50
497.00;-64_2;116.02;12.78;407.00;0.00;-585_1;5.10;0.00;tripinfo_407;90.00;407;0;954.18;18.81;privateType;;1
500.00;614_1;96.58;13.09;285.00;0.00;882_1;5.10;0.00;tripinfo_285;215.00;285;0;2270.39;50.60;privateType;;13
501.00;325_2;122.87;13.10;48.00;0.00;612_1;5.10;0.00;tripinfo_48;453.00;48;0;1825.36;321.21;privateType;;285
502.00;-1033_2;97.11;13.39;400.00;0.00;38_1;5.10;0.00;tripinfo_400;102.00;400;0;1106.58;20.12;privateType;;1
502.00;1011_1;222.91;13.80;320.00;0.00;-732_0;12.10;0.00;tripinfo_bus16;182.00;bus16;0;1723.04;52.70;busType;;15
505.00;837_2;105.32;13.53;90.00;0.00;-365_1;5.10;0.00;tripinfo_90;415.00;90;0;1876.37;279.28;privateType;;252
505.00;-117_1;88.17;10.30;130.00;0.00;505_1;5.10;0.00;tripinfo_130;375.00;130;0;1349.66;276.90;privateType;;244
507.00;128_1;79.74;13.38;93.00;0.00;-650_1;5.10;0.00;tripinfo_93;414.00;93;0;1392.30;312.07;privateType;;288
507.00;-123_2;129.57;12.61;410.00;0.00;-116_1;5.10;0.00;tripinfo_410;97.00;410;0;994.58;21.29;privateType;;4
507.00;-125_2;165.04;13.67;414.00;0.00;-381_1;5.10;0.00;tripinfo_414;93.00;414;0;825.86;31.36;privateType;;12
507.00;-7_1;181.11;13.36;401.00;0.00;-326_1;5.10;0.00;tripinfo_401;106.00;401;0;1287.20;10.19;privateType;;0
507.00;3_2;202.42;13.26;369.00;0.00;-639_1;5.10;0.00;tripinfo_369;138.00;369;0;1427.08;33.27;privateType;;8
507.00;11_2;143.74;12.89;367.00;0.00;-601_1;5.10;0.00;tripinfo_367;140.00;367;0;1567.10;23.84;privateType;;0
508.00;-618_2;137.47;13.48;422.00;0.00;381_1;5.10;0.00;tripinfo_422;86.00;422;0;970.40;13.59;privateType;;0
508.00;-623_2;148.58;12.61;258.00;1.00;-3_1;5.10;0.00;tripinfo_257;250.00;257;0;1558.32;137.13;privateType;;105
508.00;17_2;188.68;12.87;436.00;0.00;326_1;5.10;0.00;tripinfo_436;72.00;436;0;795.39;12.64;privateType;;0
509.00;696_2;88.66;12.62;470.00;0.00;-679_1;5.10;0.00;tripinfo_470;39.00;470;0;404.27;8.04;privateType;;0
510.00;-597_2;86.31;13.59;62.00;0.00;730_1;5.10;0.00;tripinfo_62;448.00;62;0;1918.13;306.01;privateType;;266
510.00;-623_2;148.58;13.53;105.00;0.00;-361_1;5.10;0.00;tripinfo_105;405.00;105;0;1680.48;282.99;privateType;;244
511.00;336_1;84.01;13.73;342.00;0.00;-116_1;5.10;0.00;tripinfo_342;169.00;342;0;1158.68;82.28;privateType;;54
513.00;601_2;174.53;13.82;406.00;0.00;138_1;5.10;0.00;tripinfo_406;107.00;406;0;1300.52;11.72;privateType;;0
514.00;-639_2;164.14;13.65;358.00;0.00;535_1;5.10;0.00;tripinfo_358;156.00;358;0;1875.47;20.70;privateType;;0
515.00;-349_2;149.39;10.57;96.00;0.00;-732_1;5.10;0.00;tripinfo_96;419.00;96;0;1643.73;296.51;privateType;;269
518.00;348_1;127.93;13.68;421.00;0.00;696_1;5.10;0.00;tripinfo_421;97.00;421;0;1126.51;14.03;privateType;;0
520.00;730_2;135.81;13.58;188.00;0.00;-517_1;5.10;0.00;tripinfo_188;332.00;188;0;1478.81;224.51;privateType;;194
520.00;876_2;109.44;12.73;342.00;3.00;11_1;5.10;0.00;tripinfo_339;178.00;339;0;1842.26;45.23;privateType;;10
520.00;618_2;137.47;13.16;327.00;0.00;-837_1;5.10;0.00;tripinfo_327;193.00;327;0;2155.20;36.56;privateType;;11
520.00;-349_2;149.39;12.64;420.00;0.00;679_1;5.10;0.00;tripinfo_420;100.00;420;0;1121.43;17.63;privateType;;2
521.00;517_2;157.09;12.64;222.00;0.00;121_1;5.10;0.00;tripinfo_222;299.00;222;0;1055.35;220.85;privateType;;196
521.00;3_2;202.42;12.72;259.00;0.00;837_1;5.10;0.00;tripinfo_259;262.00;259;0;1334.35;161.43;privateType;;138
522.00;348_1;127.93;13.58;356.00;0.00;588_1;5.10;0.00;tripinfo_356;166.00;356;0;1663.95;43.50;privateType;;11
522.00;504_0;200.75;13.60;420.00;0.00;-623_0;12.10;0.00;tripinfo_bus21;102.00;bus21;0;1185.19;15.23;busType;;0
523.00;1029_1;144.77;13.51;413.00;0.00;123_1;5.10;0.00;tripinfo_413;110.00;413;0;1134.84;27.37;privateType;;8
526.00;-623_1;148.58;13.28;512.00;0.00;-623_1;5.10;0.00;tripinfo_512;14.00;512;0;143.48;3.50;privateType;;0
526.00;-25_2;190.16;12.61;91.00;0.00;-330_1;5.10;0.00;tripinfo_91;435.00;91;0;1495.62;326.29;privateType;;296
527.00;383_1;144.37;12.85;506.00;0.00;-381_1;5.10;0.00;tripinfo_506;21.00;506;0;240.71;3.39;privateType;;0
528.00;592_1;101.18;12.78;159.00;0.00;613_1;5.10;0.00;tripinfo_159;369.00;159;0;1862.93;231.50;privateType;;191
529.00;-618_2;137.47;12.78;402.00;0.00;-1027_1;5.10;0.00;tripinfo_402;127.00;402;0;1556.73;12.80;privateType;;0
529.00;210_2;103.97;6.30;456.00;0.00;614_1;5.10;0.00;tripinfo_456;73.00;456;0;807.28;14.64;privateType;;0
530.00;-123_2;129.57;12.73;441.00;3.00;-326_1;5.10;0.00;tripinfo_438;89.00;438;0;929.88;20.15;privateType;;3
532.00;-601_1;174.53;12.99;458.00;1.00;-612_1;5.10;0.00;tripinfo_457;74.00;457;0;856.48;10.81;privateType;;0
532.00;25_2;190.16;13.59;425.00;0.00;-698_1;5.10;0.00;tripinfo_425;107.00;425;0;907.99;40.12;privateType;;18
535.00;-625_2;115.42;13.02;431.00;0.00;17_1;5.10;0.00;tripinfo_431;104.00;431;0;1072.17;26.25;privateType;;7
536.00;-381_1;84.56;13.09;441.00;0.00;336_1;5.10;0.00;tripinfo_441;95.00;441;0;928.25;26.00;privateType;;12
536.00;-535_2;160.73;13.75;40.00;0.00;-880_1;5.10;0.00;tripinfo_40;496.00;40;0;2424.17;317.65;privateType;;274
538.00;-625_2;115.42;13.54;178.00;0.00;379_1;5.10;0.00;tripinfo_178;360.00;178;0;1779.78;230.90;privateType;;188
539.00;-1033_2;97.11;12.69;151.00;0.00;338_1;5.10;0.00;tripinfo_151;388.00;151;0;1814.04;255.03;privateType;;215
541.00;379_1;132.76;13.89;429.00;1.00;116_1;5.10;0.00;tripinfo_428;112.00;428;0;1255.79;20.09;privateType;;1
541.00;535_2;160.73;13.03;434.00;0.00;-333_1;5.10;0.00;tripinfo_434;107.00;434;0;1233.85;16.54;privateType;;0
542.00;1093_1;163.07;13.38;361.00;0.00;349_1;5.10;0.00;tripinfo_361;181.00;361;0;1618.64;61.17;privateType;;33
544.00;9_1;177.83;12.91;482.00;0.00;679_1;5.10;0.00;tripinfo_482;62.00;482;0;561.47;18.24;privateType;;0
544.00;344_0;101.66;13.70;460.00;0.00;-1057_0;12.10;0.00;tripinfo_bus23;84.00;bus23;0;974.79;13.74;busType;;0
545.00;734_1;194.90;13.73;500.00;0.00;625_0;12.10;0.00;tripinfo_bus25;45.00;bus25;0;307.94;20.83;busType;;3
546.00;592_1;101.18;13.21;80.00;0.00;679_1;5.10;0.00;tripinfo_80;466.00;80;0;1688.27;341.96;privateType;;306
546.00;569_1;176.00;13.60;505.00;0.00;-535_1;5.10;0.00;tripinfo_505;41.00;505;0;369.05;14.28;privateType;;4
548.00;-1033_2;97.11;13.07;122.00;0.00;379_1;5.10;0.00;tripinfo_122;426.00;122;0;2045.95;276.47;privateType;;239
551.00;344_2;101.66;12.93;460.00;0.00;-123_1;5.10;0.00;tripinfo_460;91.00;460;0;812.87;32.09;privateType;;14
552.00;-696_2;88.66;13.73;349.00;0.00;588_1;5.10;0.00;tripinfo_349;203.00;349;0;1553.08;90.51;privateType;;49
555.00;846_1;106.53;13.33;129.00;0.00;-365_1;5.10;0.00;tripinfo_129;426.00;129;0;2346.45;255.17;privateType;;221
556.00;-1005_1;115.05;13.57;368.00;0.00;1033_1;5.10;0.00;tripinfo_368;188.00;368;0;2097.99;34.96;privateType;;9
556.00;121_1;187.32;13.02;430.00;0.00;383_1;5.10;0.00;tripinfo_430;126.00;430;0;1405.43;24.24;privateType;;6
557.00;-589_2;204.16;13.77;158.00;0.00;-15_1;5.10;0.00;tripinfo_158;399.00;158;0;1007.81;325.61;privateType;;288
559.00;870_2;79.90;13.61;467.00;0.00;126_1;5.10;0.00;tripinfo_467;92.00;467;0;1117.09;11.05;privateType;;0
559.00;349_2;149.39;13.30;465.00;0.00;9_1;5.10;0.00;tripinfo_465;94.00;465;0;914.83;27.50;privateType;;6
562.00;11_1;143.74;13.19;464.00;0.00;-517_1;5.10;0.00;tripinfo_464;98.00;464;0;1013.05;24.25;privateType;;2
562.00;-1005_1;115.05;12.93;254.00;0.00;837_1;5.10;0.00;tripinfo_254;308.00;254;0;1703.87;179.63;privateType;;146
564.00;-505_2;160.73;13.34;445.00;0.00;-381_1;5.10;0.00;tripinfo_445;119.00;445;0;1164.20;31.10;privateType;;6
565.00;577_1;182.62;13.43;416.00;0.00;505_1;5.10;0.00;tripinfo_416;149.00;416;0;1781.88;17.22;privateType;;0
568.00;-9_1;177.83;7.51;473.00;0.00;333_1;5.10;0.00;tripinfo_473;95.00;473;0;840.14;31.62;privateType;;6
568.00;-1029_2;144.77;13.14;531.00;0.00;728_1;5.10;0.00;tripinfo_531;37.00;531;0;409.65;7.10;privateType;;0
568.00;-123_1;129.57;13.08;555.00;2.00;-123_1;5.10;0.00;tripinfo_553;13.00;553;0;124.47;3.31;privateType;;0
568.00;608_1;165.75;13.02;455.00;0.00;696_1;5.10;0.00;tripinfo_455;113.00;455;0;1117.92;31.63;privateType;;12
570.00;734_1;194.90;13.13;320.00;0.00;-333_1;5.10;0.00;tripinfo_320;250.00;320;0;1939.35;106.90;privateType;;67
571.00;-730_2;135.81;13.67;289.00;0.00;-326_1;5.10;0.00;tripinfo_289;282.00;289;0;950.22;213.11;privateType;;168
572.00;-618_2;137.47;13.61;452.00;0.00;601_1;5.10;0.00;tripinfo_452;120.00;452;0;1205.37;32.76;privateType;;8
573.00;210_1;103.97;13.70;471.00;0.00;698_1;5.10;0.00;tripinfo_471;102.00;471;0;1174.46;15.19;privateType;;0
573.00;-1033_2;97.11;13.38;485.00;0.00;732_1;5.10;0.00;tripinfo_485;88.00;485;0;924.40;19.36;privateType;;1
574.00;492_2;209.58;13.84;496.00;3.00;-585_1;5.10;0.00;tripinfo_493;78.00;493;0;916.55;11.36;privateType;;0
577.00;349_2;149.39;12.97;475.00;0.00;116_1;5.10;0.00;tripinfo_475;102.00;475;0;1094.75;21.52;privateType;;3
580.00;-361_2;142.46;12.79;545.00;0.00;336_1;5.10;0.00;tripinfo_545;35.00;545;0;390.61;5.86;privateType;;0
580.00;138_2;178.41;13.22;496.00;0.00;-3_1;5.10;0.00;tripinfo_496;84.00;496;0;961.84;14.21;privateType;;0
580.00;1027_2;213.64;12.96;393.00;0.00;-517_1;5.10;0.00;tripinfo_393;187.00;393;0;1372.86;87.66;privateType;;55
582.00;642_2;211.90;13.32;486.00;0.00;-119_1;5.10;0.00;tripinfo_486;96.00;486;0;683.93;46.05;privateType;;32
583.00;-1005_1;115.05;13.00;403.00;0.00;-1033_1;5.10;0.00;tripinfo_403;180.00;403;0;2110.06;24.51;privateType;;0
584.00;-732_1;121.01;13.27;109.00;0.00;504_1;5.10;0.00;tripinfo_109;475.00;109;0;1984.95;329.24;privateType;;251
585.00;876_2;109.44;13.50;204.00;1.00;-570_1;5.10;0.00;tripinfo_203;381.00;203;0;1486.63;272.84;privateType;;210
585.00;361_1;142.46;13.47;488.00;7.00;-19_1;5.10;0.00;tripinfo_481;97.00;481;0;742.04;42.17;privateType;;19
586.00;-381_2;84.56;13.68;504.00;0.00;365_1;5.10;0.00;tripinfo_504;82.00;504;0;895.67;14.99;privateType;;0
587.00;349_2;149.39;13.77;380.00;0.00;-588_1;5.10;0.00;tripinfo_380;207.00;380;0;1659.08;85.34;privateType;;40
588.00;-123_1;129.57;5.47;558.00;0.00;-338_1;5.10;0.00;tripinfo_558;30.00;558;0;248.01;11.94;privateType;;2
589.00;-117_1;88.17;13.38;503.00;0.00;-730_1;5.10;0.00;tripinfo_503;86.00;503;0;855.60;22.33;privateType;;1
589.00;7_2;181.11;13.00;484.00;0.00;-608_1;5.10;0.00;tripinfo_484;105.00;484;0;1182.93;19.23;privateType;;4
589.00;121_1;187.32;12.92;461.00;0.00;-383_1;5.10;0.00;tripinfo_461;128.00;461;0;1258.51;36.49;privateType;;17
590.00;-730_2;135.81;13.76;439.00;0.00;210_1;5.10;0.00;tripinfo_439;151.00;439;0;1441.66;46.85;privateType;;20
591.00;-597_2;86.31;13.77;189.00;0.00;-332_1;5.10;0.00;tripinfo_189;402.00;189;0;1179.46;314.77;privateType;;267
593.00;128_1;79.74;13.36;433.00;0.00;-338_1;5.10;0.00;tripinfo_433;160.00;433;0;1183.56;74.70;privateType;;32
593.00;-349_2;149.39;13.27;123.00;0.00;730_1;5.10;0.00;tripinfo_123;470.00;123;0;2076.54;317.18;privateType;;271
593.00;650_1;183.62;12.96;530.00;0.00;625_1;5.10;0.00;tripinfo_530;63.00;530;0;784.51;5.84;privateType;;0
593.00;-639_2;164.14;6.65;392.00;0.00;-867_1;5.10;0.00;tripinfo_392;201.00;392;0;2088.02;48.38;privateType;;17
597.00;-336_2;84.01;13.50;446.00;0.00;870_1;5.10;0.00;tripinfo_446;151.00;446;0;1201.18;62.63;privateType;;34
597.00;730_2;135.81;12.63;442.00;0.00;601_1;5.10;0.00;tripinfo_442;155.00;442;0;1646.64;36.07;privateType;;15
598.00;-17_2;188.68;12.77;517.00;0.00;-333_1;5.10;0.00;tripinfo_517;81.00;517;0;911.74;12.99;privateType;;0
600.00;-608_2;165.75;13.70;542.00;0.00;-577_1;5.10;0.00;tripinfo_542;58.00;542;0;631.22;9.90;privateType;;0
600.00;-313_2;124.89;6.73;345.00;0.00;-344_1;5.10;0.00;tripinfo_345;255.00;345;0;776.64;198.79;privateType;;153
601.00;-1005_2;115.05;13.05;500.00;0.00;-618_1;5.10;0.00;tripinfo_500;101.00;500;0;1222.11;11.24;privateType;;0
601.00;-579_2;150.88;13.73;499.00;0.00;1029_1;5.10;0.00;tripinfo_499;102.00;499;0;1251.04;11.41;privateType;;0
601.00;517_2;157.09;12.67;429.00;0.00;579_1;5.10;0.00;tripinfo_429;172.00;429;0;1934.81;28.22;privateType;;0
603.00;533_1;108.13;13.50;443.00;0.00;523_1;5.10;0.00;tripinfo_443;160.00;443;0;1673.76;39.20;privateType;;10
603.00;496_1;111.56;12.76;501.00;0.00;9_1;5.10;0.00;tripinfo_501;102.00;501;0;928.48;33.54;privateType;;10
605.00;-837_2;105.32;13.08;157.00;0.00;-686_1;5.10;0.00;tripinfo_157;448.00;157;0;2165.75;291.62;privateType;;240
606.00;-336_1;84.01;12.91;160.00;0.00;-730_1;5.10;0.00;tripinfo_160;446.00;160;0;1893.48;304.80;privateType;;238
607.00;119_1;102.88;13.61;134.00;0.00;-1029_1;5.10;0.00;tripinfo_134;473.00;134;0;1561.47;360.39;privateType;;307
608.00;-618_2;137.47;13.60;537.00;0.00;577_1;5.10;0.00;tripinfo_537;71.00;537;0;838.21;9.17;privateType;;0
608.00;-117_1;88.17;13.78;239.00;0.00;-13_1;5.10;0.00;tripinfo_239;369.00;239;0;464.91;334.44;privateType;;283
609.00;-338_2;103.06;13.52;532.00;0.00;-684_1;5.10;0.00;tripinfo_532;77.00;532;0;887.80;12.35;privateType;;0
610.00;-138_1;178.41;13.23;541.00;0.00;348_1;5.10;0.00;tripinfo_541;69.00;541;0;778.60;11.74;privateType;;0
610.00;11_2;143.74;13.48;477.00;0.00;330_1;5.10;0.00;tripinfo_477;133.00;477;0;1246.27;39.65;privateType;;8
612.00;338_1;103.06;13.78;491.00;0.00;-679_1;5.10;0.00;tripinfo_491;121.00;491;0;1146.69;35.49;privateType;;11
612.00;-698_2;111.22;13.74;386.00;0.00;642_1;5.10;0.00;tripinfo_386;226.00;386;0;1547.95;110.69;privateType;;62
612.00;121_2;187.32;12.75;440.00;0.00;348_1;5.10;0.00;tripinfo_440;172.00;440;0;1371.45;71.21;privateType;;40
613.00;696_2;88.66;13.55;419.00;0.00;-730_1;5.10;0.00;tripinfo_419;194.00;419;0;1860.84;58.01;privateType;;21
613.00;-492_1;209.58;13.59;513.00;0.00;-601_1;5.10;0.00;tripinfo_513;100.00;513;0;1074.59;22.17;privateType;;3
614.00;-128_2;79.74;13.27;527.00;3.00;-1029_1;5.10;0.00;tripinfo_524;87.00;524;0;931.43;16.74;privateType;;1
616.00;-326_2;98.80;13.57;539.00;0.00;-365_1;5.10;0.00;tripinfo_539;77.00;539;0;948.81;7.83;privateType;;0
616.00;365_2;193.22;13.43;583.00;0.00;349_1;5.10;0.00;tripinfo_583;33.00;583;0;360.14;6.56;privateType;;0
617.00;625_2;115.42;13.64;487.00;0.00;126_1;5.10;0.00;tripinfo_487;130.00;487;0;1582.64;14.80;privateType;;0
618.00;679_2;110.98;13.55;274.00;0.00;-730_1;5.10;0.00;tripinfo_274;344.00;274;0;1797.44;210.81;privateType;;158
619.00;579_2;150.88;13.51;536.00;0.00;-585_1;5.10;0.00;tripinfo_536;83.00;536;0;815.07;23.82;privateType;;9
619.00;608_1;165.75;13.38;525.00;0.00;-11_1;5.10;0.00;tripinfo_525;94.00;525;0;1104.09;13.62;privateType;;0
621.00;1029_2;144.77;13.76;552.00;0.00;-356_1;5.10;0.00;tripinfo_552;69.00;552;0;786.88;12.29;privateType;;0
621.00;696_2;88.66;8.60;462.00;0.00;326_1;5.10;0.00;tripinfo_462;159.00;462;0;1290.95;63.98;privateType;;14
623.00;-577_1;182.62;13.33;538.00;0.00;-618_1;5.10;0.00;tripinfo_538;85.00;538;0;960.40;12.65;privateType;;0
624.00;505_2;160.73;12.73;476.00;0.00;-698_1;5.10;0.00;tripinfo_476;148.00;476;0;1321.34;49.65;privateType;;17
625.00;698_2;111.22;13.32;587.00;0.00;-11_1;5.10;0.00;tripinfo_587;38.00;587;0;420.91;7.49;privateType;;0
625.00;333_2;139.11;13.74;169.00;0.00;-325_1;5.10;0.00;tripinfo_169;456.00;169;0;1220.14;366.17;privateType;;314
625.00;-336_2;84.01;11.03;480.00;0.00;696_1;5.10;0.00;tripinfo_480;145.00;480;0;1070.37;65.69;privateType;;24
625.00;734_1;194.90;12.98;418.00;0.00;-612_1;5.10;0.00;tripinfo_418;207.00;418;0;2379.85;34.11;privateType;;5
626.00;319_2;192.54;13.86;424.00;0.00;-570_1;5.10;0.00;tripinfo_424;202.00;424;0;1141.18;119.75;privateType;;92
627.00;-117_1;88.17;12.87;293.00;0.00;-848_1;5.10;0.00;tripinfo_293;334.00;293;0;837.95;271.86;privateType;;221
628.00;-870_2;79.90;13.07;437.00;0.00;-336_1;5.10;0.00;tripinfo_437;191.00;437;0;1485.58;83.68;privateType;;28
629.00;846_1;106.53;13.06;119.00;0.00;-356_1;5.10;0.00;tripinfo_119;510.00;119;0;2153.36;352.75;privateType;;300
629.00;614_1;96.58;13.27;463.00;0.00;-9_1;5.10;0.00;tripinfo_463;166.00;463;0;1235.41;76.43;privateType;;40
629.00;734_1;194.90;13.66;511.00;0.00;116_1;5.10;0.00;tripinfo_511;118.00;511;0;1222.14;28.22;privateType;;6
631.00;365_1;193.22;13.49;498.00;0.00;-356_1;5.10;0.00;tripinfo_498;133.00;498;0;1274.06;39.50;privateType;;14
632.00;-650_2;183.62;13.75;314.00;0.00;-325_1;5.10;0.00;tripinfo_314;318.00;314;0;1377.48;218.36;privateType;;187
632.00;7_2;181.11;13.26;526.00;0.00;-381_1;5.10;0.00;tripinfo_526;106.00;526;0;1183.44;17.58;privateType;;0
634.00;621_1;86.54;13.67;388.00;0.00;-123_1;5.10;0.00;tripinfo_388;246.00;388;0;962.63;176.50;privateType;;118
636.00;38_1;145.60;12.88;521.00;0.00;361_1;5.10;0.00;tripinfo_521;115.00;521;0;1312.47;15.99;privateType;;0
638.00;-589_2;204.16;13.23;177.00;0.00;-650_1;5.10;0.00;tripinfo_177;461.00;177;0;1241.42;369.43;privateType;;326
640.00;-116_2;127.29;13.61;444.00;0.00;-1027_1;5.10;0.00;tripinfo_444;196.00;444;0;1759.98;67.71;privateType;;23
641.00;-517_1;157.09;13.29;126.00;0.00;-696_1;5.10;0.00;tripinfo_126;515.00;126;0;1561.19;399.65;privateType;;330
642.00;728_2;92.06;12.81;548.00;0.00;-1011_1;5.10;0.00;tripinfo_548;94.00;548;0;1127.68;12.12;privateType;;0
642.00;38_2;145.60;13.12;359.00;0.00;-313_1;5.10;0.00;tripinfo_359;283.00;359;0;571.50;239.93;privateType;;195
642.00;17_2;188.68;13.04;292.00;0.00;119_1;5.10;0.00;tripinfo_292;350.00;292;0;921.93;282.93;privateType;;237
644.00;876_2;109.44;13.57;278.00;0.00;123_1;5.10;0.00;tripinfo_278;366.00;278;0;1325.13;270.15;privateType;;218
645.00;330_1;181.12;13.41;219.00;0.00;349_1;5.10;0.00;tripinfo_219;426.00;219;0;1699.05;301.27;privateType;;220
646.00;533_1;108.13;13.89;527.00;0.00;-517_1;5.10;0.00;tripinfo_527;119.00;527;0;1477.88;12.42;privateType;;0
647.00;-336_1;84.01;13.35;546.00;0.00;38_1;5.10;0.00;tripinfo_546;101.00;546;0;1063.36;18.25;privateType;;0
647.00;9_1;177.83;5.98;211.00;2.00;-592_1;5.10;0.00;tripinfo_209;436.00;209;0;1234.03;345.25;privateType;;295
648.00;-319_2;192.54;13.55;516.00;0.00;-383_1;5.10;0.00;tripinfo_516;132.00;516;0;1480.68;23.64;privateType;;5
649.00;674_2;169.72;13.81;480.00;0.00;-1011_0;12.10;0.00;tripinfo_bus24;169.00;bus24;0;1730.94;44.27;busType;;3
649.00;577_1;182.62;12.62;449.00;0.00;-123_1;5.10;0.00;tripinfo_449;200.00;449;0;1430.47;96.85;privateType;;53
650.00;-1033_2;97.11;13.48;490.00;0.00;-119_1;5.10;0.00;tripinfo_490;160.00;490;0;1235.41;67.33;privateType;;34
650.00;138_2;178.41;13.87;508.00;0.00;-732_1;5.10;0.00;tripinfo_508;142.00;508;0;1305.03;46.84;privateType;;30
652.00;579_1;150.88;13.12;519.00;0.00;698_1;5.10;0.00;tripinfo_519;133.00;519;0;1535.39;18.05;privateType;;0
652.00;-19_2;163.40;13.07;547.00;0.00;-579_1;5.10;0.00;tripinfo_547;105.00;547;0;1154.07;19.03;privateType;;0
654.00;614_1;96.58;12.68;494.00;0.00;-837_1;5.10;0.00;tripinfo_494;160.00;494;0;1895.15;21.79;privateType;;0
654.00;125_1;165.04;13.42;435.00;0.00;-313_1;5.10;0.00;tripinfo_435;219.00;435;0;784.43;161.56;privateType;;121
654.00;-126_2;193.84;13.51;172.00;0.00;-1033_1;5.10;0.00;tripinfo_172;482.00;172;0;2009.43;332.90;privateType;;272
657.00;730_1;135.81;12.91;560.00;0.00;-848_1;5.10;0.00;tripinfo_560;97.00;560;0;1237.97;7.14;privateType;;0
657.00;379_2;132.76;12.93;544.00;0.00;138_1;5.10;0.00;tripinfo_544;113.00;544;0;1016.38;36.89;privateType;;13
658.00;3_2;202.42;13.87;556.00;0.00;-625_1;5.10;0.00;tripinfo_556;102.00;556;0;1140.33;16.71;privateType;;2
663.00;123_1;129.57;13.14;581.00;0.00;-585_1;5.10;0.00;tripinfo_581;82.00;581;0;812.22;22.12;privateType;;0
663.00;1093_1;163.07;12.77;523.00;0.00;125_1;5.10;0.00;tripinfo_523;140.00;523;0;1578.77;23.77;privateType;;3
664.00;1029_1;144.77;13.45;562.00;0.00;-121_1;5.10;0.00;tripinfo_562;102.00;562;0;1033.96;25.29;privateType;;6
666.00;-577_1;182.62;13.16;540.00;0.00;698_1;5.10;0.00;tripinfo_540;126.00;540;0;1375.47;23.14;privateType;;3
666.00;126_2;193.84;13.74;584.00;0.00;-17_1;5.10;0.00;tripinfo_584;82.00;584;0;841.09;20.49;privateType;;8
667.00;867_1;229.75;13.36;529.00;0.00;344_1;5.10;0.00;tripinfo_529;138.00;529;0;1457.60;29.68;privateType;;6
667.00;332_1;101.49;13.63;318.00;0.00;313_1;5.10;0.00;tripinfo_318;349.00;318;0;638.61;302.02;privateType;;245
667.00;585_2;131.11;13.54;570.00;0.00;492_1;5.10;0.00;tripinfo_570;97.00;570;0;897.76;29.98;privateType;;15
667.00;-356_1;139.43;13.22;554.00;0.00;-614_1;5.10;0.00;tripinfo_554;113.00;554;0;1103.75;31.41;privateType;;6
667.00;642_1;211.90;12.68;265.00;2.00;-383_1;5.10;0.00;tripinfo_263;402.00;263;0;2055.43;249.29;privateType;;192
668.00;-613_2;192.11;13.20;577.00;0.00;126_1;5.10;0.00;tripinfo_577;91.00;577;0;1035.57;13.01;privateType;;0
669.00;837_2;105.32;13.12;253.00;0.00;-570_1;5.10;0.00;tripinfo_253;416.00;253;0;1783.79;286.60;privateType;;228
670.00;533_1;108.13;13.43;585.00;0.00;121_1;5.10;0.00;tripinfo_585;85.00;585;0;1053.52;8.53;privateType;;0
670.00;734_1;194.90;13.72;479.00;0.00;-608_1;5.10;0.00;tripinfo_479;191.00;479;0;2217.26;27.03;privateType;;0
672.00;332_1;101.49;13.88;365.00;0.00;-338_1;5.10;0.00;tripinfo_365;307.00;365;0;1128.94;225.43;privateType;;147
673.00;846_1;106.53;13.08;273.00;0.00;523_1;5.10;0.00;tripinfo_273;400.00;273;0;2379.09;226.57;privateType;;186
673.00;601_2;174.53;13.00;571.00;0.00;-381_1;5.10;0.00;tripinfo_571;102.00;571;0;924.07;33.17;privateType;;12
673.00;15_2;145.65;8.10;348.00;0.00;-623_1;5.10;0.00;tripinfo_348;325.00;348;0;1041.98;247.56;privateType;;202
674.00;-326_1;98.80;12.75;250.00;0.00;623_1;5.10;0.00;tripinfo_250;424.00;250;0;1234.52;332.96;privateType;;271
674.00;38_2;145.60;13.61;399.00;0.00;-642_1;5.10;0.00;tripinfo_399;275.00;399;0;1019.25;200.65;privateType;;134
677.00;332_1;101.49;12.69;346.00;0.00;-326_1;5.10;0.00;tripinfo_346;331.00;346;0;738.89;277.41;privateType;;210
677.00;-9_2;177.83;13.87;559.00;0.00;383_1;5.10;0.00;tripinfo_559;118.00;559;0;1343.05;18.56;privateType;;0
679.00;-210_2;103.97;13.41;277.00;0.00;-650_1;5.10;0.00;tripinfo_277;402.00;277;0;1520.57;290.90;privateType;;238
681.00;-612_2;160.78;12.92;543.00;0.00;-25_1;5.10;0.00;tripinfo_543;138.00;543;0;1213.33;50.25;privateType;;14
682.00;504_2;200.75;12.94;126.00;1.00;730_1;5.10;0.00;tripinfo_125;556.00;125;0;2127.09;397.11;privateType;;332
682.00;1011_1;222.91;12.78;567.00;0.00;-349_1;5.10;0.00;tripinfo_567;115.00;567;0;1310.92;18.46;privateType;;0
683.00;-570_2;114.42;12.97;566.00;0.00;-523_1;5.10;0.00;tripinfo_566;117.00;566;0;1300.47;19.51;privateType;;2
683.00;-17_2;188.68;13.52;555.00;0.00;585_1;5.10;0.00;tripinfo_555;128.00;555;0;1032.81;52.70;privateType;;25
686.00;-19_2;163.40;3.57;580.00;0.00;-679_0;12.10;0.00;tripinfo_bus29;106.00;bus29;0;837.24;44.62;busType;;7
688.00;-3_2;202.42;13.78;576.00;0.00;210_1;5.10;0.00;tripinfo_576;112.00;576;0;1226.20;21.55;privateType;;3
690.00;332_1;101.49;13.31;360.00;0.00;-523_1;5.10;0.00;tripinfo_360;330.00;360;0;1328.67;233.99;privateType;;140
690.00;-313_2;124.89;5.38;451.00;0.00;-1011_1;5.10;0.00;tripinfo_451;239.00;451;0;2119.33;84.32;privateType;;47
691.00;-9_2;177.83;13.45;404.00;0.00;-650_1;5.10;0.00;tripinfo_404;287.00;404;0;1241.81;194.59;privateType;;138
693.00;336_0;84.01;13.50;520.00;0.00;650_0;12.10;0.00;tripinfo_bus26;173.00;bus26;0;1478.45;63.74;busType;;23
693.00;621_1;86.54;13.14;305.00;0.00;-517_1;5.10;0.00;tripinfo_305;388.00;305;0;1268.31;296.05;privateType;;217
696.00;639_1;164.14;13.53;550.00;0.00;-7_1;5.10;0.00;tripinfo_550;146.00;550;0;1430.91;41.90;privateType;;19
697.00;-381_2;84.56;12.61;557.00;0.00;-876_1;5.10;0.00;tripinfo_557;140.00;557;0;1639.42;21.54;privateType;;2
697.00;492_1;209.58;13.33;535.00;0.00;-1027_1;5.10;0.00;tripinfo_535;162.00;535;0;1766.17;30.72;privateType;;7
699.00;846_1;106.53;12.82;180.00;0.00;-728_1;5.10;0.00;tripinfo_180;519.00;180;0;2459.32;340.03;privateType;;254
701.00;356_2;139.43;12.65;588.00;0.00;381_1;5.10;0.00;tripinfo_588;113.00;588;0;1031.58;35.26;privateType;;9
706.00;1027_1;213.64;13.06;580.00;0.00;381_1;5.10;0.00;tripinfo_580;126.00;580;0;1485.57;15.79;privateType;;0
711.00;837_2;105.32;12.64;469.00;0.00;-535_1;5.10;0.00;tripinfo_469;242.00;469;0;2311.94;75.01;privateType;;39
714.00;848_1;94.30;12.98;281.00;0.00;517_1;5.10;0.00;tripinfo_281;433.00;281;0;2050.21;284.31;privateType;;229
715.00;138_2;178.41;12.87;468.00;0.00;642_1;5.10;0.00;tripinfo_468;247.00;468;0;1745.44;120.37;privateType;;66
716.00;882_2;170.95;13.09;495.00;0.00;-356_1;5.10;0.00;tripinfo_495;221.00;495;0;2035.98;72.25;privateType;;38
718.00;614_2;96.58;13.46;560.00;0.00;-684_0;12.10;0.00;tripinfo_bus28;158.00;bus28;0;1610.94;39.70;busType;;8
720.00;-592_2;101.18;13.37;337.00;0.00;-517_1;5.10;0.00;tripinfo_337;383.00;337;0;1520.39;272.60;privateType;;174
720.00;-608_2;165.75;12.90;483.00;0.00;-684_1;5.10;0.00;tripinfo_483;237.00;483;0;2605.62;48.64;privateType;;13
722.00;-344_2;101.66;12.93;249.00;0.00;330_1;5.10;0.00;tripinfo_249;473.00;249;0;1787.56;343.54;privateType;;266
722.00;116_1;127.29;13.50;597.00;0.00;-1029_1;5.10;0.00;tripinfo_597;125.00;597;0;1353.92;26.88;privateType;;0
722.00;686_1;152.40;13.76;573.00;1.00;-381_1;5.10;0.00;tripinfo_572;149.00;572;0;1537.55;33.28;privateType;;5
724.00;639_1;164.14;13.14;509.00;0.00;338_1;5.10;0.00;tripinfo_509;215.00;509;0;1279.22;122.08;privateType;;89
727.00;-15_0;145.65;13.90;360.00;0.00;123_0;12.10;0.00;tripinfo_bus18;367.00;bus18;0;941.98;298.20;busType;;247
727.00;-121_2;187.32;12.77;561.00;0.00;-614_1;5.10;0.00;tripinfo_561;166.00;561;0;1381.99;64.26;privateType;;32
728.00;-625_2;115.42;12.92;549.00;0.00;579_1;5.10;0.00;tripinfo_549;179.00;549;0;2080.68;27.51;privateType;;0
728.00;-365_2;193.22;12.92;193.00;0.00;882_1;5.10;0.00;tripinfo_193;535.00;193;0;2418.65;358.75;privateType;;285
729.00;-7_2;181.11;13.00;376.00;1.00;15_1;5.10;0.00;tripinfo_375;353.00;375;0;893.89;288.21;privateType;;257
729.00;686_1;152.40;13.73;255.00;0.00;732_1;5.10;0.00;tripinfo_255;474.00;255;0;1936.83;328.54;privateType;;265
730.00;-623_2;148.58;13.60;515.00;0.00;-1029_1;5.10;0.00;tripinfo_515;215.00;515;0;1994.85;70.31;privateType;;22
731.00;535_2;160.73;12.64;574.00;0.00;505_1;5.10;0.00;tripinfo_574;157.00;574;0;1743.91;26.54;privateType;;0
733.00;504_1;200.75;13.54;579.00;0.00;-579_1;5.10;0.00;tripinfo_579;154.00;579;0;1632.78;34.60;privateType;;7
734.00;592_1;101.18;13.40;590.00;0.00;121_1;5.10;0.00;tripinfo_590;144.00;590;0;951.16;75.00;privateType;;35
735.00;-325_2;122.87;13.01;167.00;0.00;674_1;5.10;0.00;tripinfo_167;568.00;167;0;1251.96;474.95;privateType;;382
736.00;365_1;193.22;12.82;299.00;0.00;-880_1;5.10;0.00;tripinfo_299;437.00;299;0;2094.24;283.83;privateType;;195
737.00;-325_2;122.87;13.27;411.00;0.00;-734_1;5.10;0.00;tripinfo_411;326.00;411;0;1285.59;229.54;privateType;;157
738.00;732_2;121.01;12.89;166.00;0.00;1005_1;5.10;0.00;tripinfo_166;572.00;166;0;2167.15;413.92;privateType;;353
739.00;-348_2;127.93;13.11;593.00;0.00;-504_1;5.10;0.00;tripinfo_593;146.00;593;0;1613.56;24.48;privateType;;0
740.00;-15_1;145.65;12.91;331.00;0.00;117_1;5.10;0.00;tripinfo_331;409.00;331;0;563.97;366.11;privateType;;286
743.00;504_1;200.75;13.11;582.00;0.00;535_1;5.10;0.00;tripinfo_582;161.00;582;0;1715.97;35.88;privateType;;14
744.00;625_2;115.42;13.76;309.00;0.00;517_1;5.10;0.00;tripinfo_309;435.00;309;0;1441.63;330.52;privateType;;279
745.00;504_2;200.75;13.07;240.00;0.00;15_1;5.10;0.00;tripinfo_240;505.00;240;0;1304.03;407.68;privateType;;330
746.00;-612_1;160.78;13.04;599.00;0.00;-523_1;5.10;0.00;tripinfo_599;147.00;599;0;1656.51;27.52;privateType;;3
747.00;1027_2;213.64;13.87;596.00;0.00;-674_1;5.10;0.00;tripinfo_596;151.00;596;0;1779.12;18.57;privateType;;0
747.00;623_2;148.58;13.42;308.00;0.00;-597_1;5.10;0.00;tripinfo_308;439.00;308;0;1578.71;324.29;privateType;;256
747.00;-3_2;202.42;12.62;598.00;0.00;-614_1;5.10;0.00;tripinfo_598;149.00;598;0;1617.78;30.08;privateType;;3
748.00;13_2;95.18;13.66;387.00;0.00;-597_1;5.10;0.00;tripinfo_387;361.00;387;0;1556.12;246.59;privateType;;191
749.00;1029_1;144.77;13.24;594.00;0.00;-597_1;5.10;0.00;tripinfo_594;155.00;594;0;1778.79;25.98;privateType;;0
751.00;330_1;181.12;12.71;256.00;0.00;579_1;5.10;0.00;tripinfo_256;495.00;256;0;2089.10;338.36;privateType;;258
751.00;-126_2;193.84;12.86;282.00;0.00;-650_1;5.10;0.00;tripinfo_282;469.00;282;0;1547.83;354.69;privateType;;303
754.00;-505_2;160.73;13.70;397.00;0.00;882_1;5.10;0.00;tripinfo_397;357.00;397;0;1954.22;212.42;privateType;;126
755.00;-623_2;148.58;13.28;595.00;0.00;585_1;5.10;0.00;tripinfo_595;160.00;595;0;1589.46;45.02;privateType;;12
755.00;117_2;88.17;7.66;453.00;0.00;-882_1;5.10;0.00;tripinfo_453;302.00;453;0;992.50;228.49;privateType;;145
757.00;-728_2;92.06;13.31;592.00;0.00;-734_1;5.10;0.00;tripinfo_592;165.00;592;0;1795.92;32.20;privateType;;9
758.00;1033_1;97.11;13.06;564.00;0.00;-608_1;5.10;0.00;tripinfo_564;194.00;564;0;2337.66;21.61;privateType;;0
758.00;642_1;211.90;12.86;168.00;0.00;-1093_1;5.10;0.00;tripinfo_168;590.00;168;0;2477.52;410.60;privateType;;308
760.00;840_1;227.77;13.01;280.00;0.00;-38_1;5.10;0.00;tripinfo_280;480.00;280;0;1487.10;370.77;privateType;;316
764.00;846_1;106.53;13.58;242.00;0.00;356_1;5.10;0.00;tripinfo_242;522.00;242;0;2295.47;354.93;privateType;;296
764.00;325_2;122.87;12.94;408.00;0.00;1033_1;5.10;0.00;tripinfo_408;356.00;408;0;1252.83;263.55;privateType;;165
765.00;-38_2;145.60;13.37;578.00;0.00;-840_1;5.10;0.00;tripinfo_578;187.00;578;0;1121.76;106.19;privateType;;65
768.00;-730_2;135.81;13.56;551.00;0.00;-698_1;5.10;0.00;tripinfo_551;217.00;551;0;2056.12;66.90;privateType;;26
770.00;840_1;227.77;13.60;448.00;0.00;379_1;5.10;0.00;tripinfo_448;322.00;448;0;2069.08;172.46;privateType;;108
771.00;848_1;94.30;13.00;395.00;0.00;-379_1;5.10;0.00;tripinfo_395;376.00;395;0;2127.05;222.43;privateType;;139
772.00;592_0;101.18;13.65;540.00;0.00;505_0;12.10;0.00;tripinfo_bus27;232.00;bus27;0;1253.07;141.24;busType;;92
772.00;-332_2;101.49;12.91;497.00;0.00;517_1;5.10;0.00;tripinfo_497;275.00;497;0;1358.21;176.64;privateType;;114
775.00;597_1;86.31;13.61;415.00;0.00;-589_1;5.10;0.00;tripinfo_415;360.00;415;0;1060.68;282.03;privateType;;229
775.00;589_2;204.16;13.35;133.00;0.00;-870_1;5.10;0.00;tripinfo_133;642.00;133;0;1656.65;521.55;privateType;;438
776.00;-336_1;84.01;13.56;357.00;0.00;119_1;5.10;0.00;tripinfo_357;419.00;357;0;1269.29;323.20;privateType;;248
780.00;876_2;109.44;13.37;459.00;0.00;-505_1;5.10;0.00;tripinfo_459;321.00;459;0;1628.54;203.26;privateType;;134
780.00;674_2;169.72;13.48;533.00;0.00;-325_1;5.10;0.00;tripinfo_533;247.00;533;0;810.01;188.00;privateType;;148
780.00;880_1;211.79;13.78;370.00;0.00;-684_1;5.10;0.00;tripinfo_370;410.00;370;0;1990.01;265.51;privateType;;195
781.00;-679_2;110.98;12.61;252.00;0.00;589_1;5.10;0.00;tripinfo_252;529.00;252;0;1739.53;401.21;privateType;;330
782.00;-38_2;145.60;12.66;355.00;0.00;-1027_1;5.10;0.00;tripinfo_355;427.00;355;0;1792.78;296.50;privateType;;228
784.00;-579_2;150.88;13.03;605.00;36.00;117_1;5.10;0.00;tripinfo_569;179.00;569;0;1423.08;76.52;privateType;;40
785.00;642_1;211.90;12.97;450.00;0.00;381_1;5.10;0.00;tripinfo_450;335.00;450;0;1889.02;194.60;privateType;;131
785.00;-642_2;211.90;13.68;304.00;0.00;601_1;5.10;0.00;tripinfo_304;481.00;304;0;2308.17;311.17;privateType;;238
794.00;-3_1;202.42;13.00;362.00;0.00;-326_1;5.10;0.00;tripinfo_362;432.00;362;0;884.83;365.84;privateType;;292
795.00;642_1;211.90;13.23;575.00;0.00;-25_1;5.10;0.00;tripinfo_575;220.00;575;0;1598.38;101.81;privateType;;67
796.00;-728_2;92.06;13.69;455.00;1.00;325_1;5.10;0.00;tripinfo_454;341.00;454;0;1221.86;250.37;privateType;;195
798.00;-119_2;102.88;13.49;426.00;0.00;348_1;5.10;0.00;tripinfo_426;372.00;426;0;1309.85;277.29;privateType;;207
798.00;15_1;145.65;9.53;353.00;0.00;-592_1;5.10;0.00;tripinfo_353;445.00;353;0;636.52;396.97;privateType;;346
800.00;846_1;106.53;12.95;391.00;0.00;-336_1;5.10;0.00;tripinfo_391;409.00;391;0;2293.34;241.09;privateType;;156
800.00;-613_1;192.11;13.18;447.00;0.00;325_1;5.10;0.00;tripinfo_447;353.00;447;0;1396.79;251.30;privateType;;202
800.00;15_2;145.65;12.76;507.00;0.00;623_1;5.10;0.00;tripinfo_507;293.00;507;0;1192.76;204.42;privateType;;124
802.00;326_2;98.80;13.29;466.00;0.00;-650_1;5.10;0.00;tripinfo_466;336.00;466;0;1048.54;258.24;privateType;;191
802.00;846_1;106.53;12.63;398.00;0.00;336_1;5.10;0.00;tripinfo_398;404.00;398;0;2379.76;230.11;privateType;;140
802.00;880_1;211.79;13.12;591.00;0.00;612_1;5.10;0.00;tripinfo_591;211.00;591;0;2444.58;34.80;privateType;;6
803.00;882_2;170.95;13.56;474.00;0.00;588_1;5.10;0.00;tripinfo_474;329.00;474;0;1675.42;205.96;privateType;;141
806.00;505_1;160.73;12.63;381.00;0.00;-330_1;5.10;0.00;tripinfo_381;425.00;381;0;1291.18;329.51;privateType;;252
806.00;840_1;227.77;13.33;379.00;0.00;-618_1;5.10;0.00;tripinfo_379;427.00;379;0;2508.24;241.09;privateType;;165
808.00;-642_2;211.90;13.58;492.00;0.00;505_1;5.10;0.00;tripinfo_492;316.00;492;0;2174.56;158.69;privateType;;109
809.00;505_2;160.73;13.19;373.00;0.00;330_1;5.10;0.00;tripinfo_373;436.00;373;0;1477.12;327.49;privateType;;257
811.00;121_2;187.32;13.31;522.00;0.00;-319_1;5.10;0.00;tripinfo_522;289.00;522;0;1073.69;209.69;privateType;;138
813.00;-325_1;122.87;5.86;142.00;0.00;1029_1;5.10;0.00;tripinfo_142;671.00;142;0;1771.39;542.40;privateType;;481
814.00;116_2;127.29;13.62;589.00;0.00;-846_1;5.10;0.00;tripinfo_589;225.00;589;0;1265.17;132.18;privateType;;87
816.00;125_1;165.04;12.62;510.00;0.00;732_1;5.10;0.00;tripinfo_510;306.00;510;0;1476.71;196.02;privateType;;122
816.00;325_2;122.87;12.76;272.00;0.00;-698_1;5.10;0.00;tripinfo_272;544.00;272;0;1521.38;432.34;privateType;;378
818.00;-38_2;145.60;13.76;488.00;0.00;-1027_1;5.10;0.00;tripinfo_488;330.00;488;0;1792.78;199.61;privateType;;104
818.00;-1029_2;144.77;12.88;518.00;0.00;-325_1;5.10;0.00;tripinfo_518;300.00;518;0;1324.57;201.97;privateType;;152
821.00;-319_2;192.54;13.32;568.00;0.00;365_1;5.10;0.00;tripinfo_568;253.00;568;0;1626.85;135.31;privateType;;109
824.00;588_1;110.30;13.61;197.00;0.00;11_1;5.10;0.00;tripinfo_197;627.00;197;0;1449.36;520.33;privateType;;461
826.00;505_1;160.73;13.86;458.00;0.00;-837_1;5.10;0.00;tripinfo_458;368.00;458;0;1403.41;263.25;privateType;;194
831.00;319_2;192.54;13.81;520.00;0.00;-592_1;5.10;0.00;tripinfo_520;311.00;520;0;965.15;240.50;privateType;;181
836.00;650_1;183.62;13.35;306.00;0.00;-348_1;5.10;0.00;tripinfo_306;530.00;306;0;2027.85;381.17;privateType;;311
836.00;-356_1;139.43;13.84;528.00;0.00;-117_1;5.10;0.00;tripinfo_528;308.00;528;0;1309.34;211.73;privateType;;131
839.00;589_2;204.16;12.92;405.00;0.00;-679_1;5.10;0.00;tripinfo_405;434.00;405;0;1507.20;322.63;privateType;;277
840.00;-126_2;193.84;12.92;271.00;0.00;-1057_1;5.10;0.00;tripinfo_271;569.00;271;0;1721.51;442.59;privateType;;355
841.00;592_1;101.18;13.61;586.00;0.00;-333_1;5.10;0.00;tripinfo_586;255.00;586;0;1286.22;160.28;privateType;;91
843.00;-330_2;181.12;13.46;563.00;0.00;3_1;5.10;0.00;tripinfo_563;280.00;563;0;1065.44;201.20;privateType;;132
844.00;592_1;101.18;13.10;565.00;0.00;9_1;5.10;0.00;tripinfo_565;279.00;565;0;1309.94;184.44;privateType;;107
847.00;505_1;160.73;13.50;294.00;0.00;15_1;5.10;0.00;tripinfo_294;553.00;294;0;886.56;486.60;privateType;;457
847.00;-674_2;169.72;13.58;409.00;0.00;-1027_1;5.10;0.00;tripinfo_409;438.00;409;0;2440.53;260.14;privateType;;164
848.00;313_1;124.89;13.13;472.00;0.00;356_1;5.10;0.00;tripinfo_472;376.00;472;0;1151.69;291.76;privateType;;240
851.00;585_1;131.11;12.83;489.00;0.00;15_1;5.10;0.00;tripinfo_489;362.00;489;0;1203.92;274.33;privateType;;208
853.00;-597_2;86.31;13.29;248.00;0.00;-13_1;5.10;0.00;tripinfo_248;605.00;248;0;1205.65;515.86;privateType;;482
853.00;601_2;174.53;13.89;313.00;0.00;837_1;5.10;0.00;tripinfo_313;540.00;313;0;2305.89;369.60;privateType;;289
856.00;361_1;142.46;12.91;372.00;0.00;837_1;5.10;0.00;tripinfo_372;484.00;372;0;1994.11;335.00;privateType;;250
858.00;686_1;152.40;12.96;382.00;0.00;837_1;5.10;0.00;tripinfo_382;476.00;382;0;2047.44;323.32;privateType;;236
863.00;-589_2;204.16;12.92;432.00;0.00;-1027_1;5.10;0.00;tripinfo_432;431.00;432;0;2210.77;269.96;privateType;;189
871.00;846_1;106.53;12.83;374.00;0.00;679_1;5.10;0.00;tripinfo_374;497.00;374;0;2539.95;309.75;privateType;;250
874.00;-505_2;160.73;12.78;390.00;0.00;-3_1;5.10;0.00;tripinfo_390;484.00;390;0;1462.18;376.28;privateType;;323
881.00;837_2;105.32;12.79;478.00;0.00;612_1;5.10;0.00;tripinfo_478;403.00;478;0;2493.54;221.44;privateType;;110
892.00;597_1;86.31;13.60;514.00;0.00;15_1;5.10;0.00;tripinfo_514;378.00;514;0;1006.35;303.46;privateType;;259
892.00;492_1;209.58;13.46;573.00;0.00;837_1;5.10;0.00;tripinfo_573;319.00;573;0;2213.65;153.12;privateType;;99
905.00;846_1;106.53;13.06;502.00;0.00;-728_1;5.10;0.00;tripinfo_502;403.00;502;0;2459.32;224.16;privateType;;129
930.00;686_1;152.40;13.14;534.00;0.00;-13_1;5.10;0.00;tripinfo_534;396.00;534;0;1533.63;282.24;privateType;;222
